model,config_id,candidate_num,params,window,train_end,valid_start,valid_end,validation_sharpe,validation_final_value,validation_total_reward
a2c,a2c_ab0941bd,1,"{""gamma"": 0.99, ""learning_rate"": 0.0007, ""n_steps"": 5}",1,2022-09-30,2022-10-03,2022-12-30,0.27488682438651546,1119978.1402103985,119978.1402103985
a2c,a2c_ab0941bd,1,"{""gamma"": 0.99, ""learning_rate"": 0.0007, ""n_steps"": 5}",2,2022-12-30,2023-01-03,2023-04-03,0.06402345683598365,1018510.1421385289,18510.14213852887
a2c,a2c_ab0941bd,1,"{""gamma"": 0.99, ""learning_rate"": 0.0007, ""n_steps"": 5}",3,2023-04-03,2023-04-04,2023-07-05,-0.04671552066364076,986063.7860231358,-13936.213976864237
a2c,a2c_ab0941bd,1,"{""gamma"": 0.99, ""learning_rate"": 0.0007, ""n_steps"": 5}",4,2023-07-05,2023-07-06,2023-10-03,-0.23894922292456275,953747.1997610145,-46252.80023898545
a2c,a2c_ab0941bd,1,"{""gamma"": 0.99, ""learning_rate"": 0.0007, ""n_steps"": 5}",5,2023-10-03,2023-10-04,2024-01-03,0.6311146652078873,1143791.4460945262,143791.4460945262
a2c,a2c_ab0941bd,1,"{""gamma"": 0.99, ""learning_rate"": 0.0007, ""n_steps"": 5}",6,2024-01-03,2024-01-04,2024-04-04,0.35713156420243863,1072783.2374963611,72783.23749636114
a2c,a2c_ab0941bd,1,"{""gamma"": 0.99, ""learning_rate"": 0.0007, ""n_steps"": 5}",7,2024-04-04,2024-04-05,2024-07-05,-0.037252987585437575,990920.2804564207,-9079.719543579267
a2c,a2c_ab0941bd,1,"{""gamma"": 0.99, ""learning_rate"": 0.0007, ""n_steps"": 5}",8,2024-07-05,2024-07-08,2024-10-03,0.48261699360598875,1138209.6337533507,138209.6337533507
a2c,a2c_ab0941bd,1,"{""gamma"": 0.99, ""learning_rate"": 0.0007, ""n_steps"": 5}",9,2024-10-03,2024-10-04,2025-01-03,-0.057074828090990876,977079.9362544741,-22920.06374552589
a2c,a2c_ab0941bd,1,"{""gamma"": 0.99, ""learning_rate"": 0.0007, ""n_steps"": 5}",10,2025-01-03,2025-01-06,2025-04-07,-0.37042170737732943,868860.1336877695,-131139.86631223047
a2c,a2c_ab0941bd,1,"{""gamma"": 0.99, ""learning_rate"": 0.0007, ""n_steps"": 5}",11,2025-04-07,2025-04-08,2025-07-09,0.5929068905052599,1220969.6126941852,220969.61269418523
a2c,a2c_ab0941bd,1,"{""gamma"": 0.99, ""learning_rate"": 0.0007, ""n_steps"": 5}",12,2025-07-09,2025-07-10,2025-10-07,0.14371391108660425,1028194.1384692909,28194.13846929092
a2c,a2c_ab0941bd,1,"{""gamma"": 0.99, ""learning_rate"": 0.0007, ""n_steps"": 5}",13,2025-10-07,2025-10-08,2026-01-07,0.25827953301385614,1083399.3755002655,83399.37550026551
a2c,a2c_ab0941bd,1,"{""gamma"": 0.99, ""learning_rate"": 0.0007, ""n_steps"": 5}",14,2026-01-07,2026-01-08,2026-04-09,-0.07499094642494812,965048.9268962936,-34951.07310370635
a2c,a2c_21d88d24,2,"{""gamma"": 0.99, ""learning_rate"": 0.0007, ""n_steps"": 10}",1,2022-09-30,2022-10-03,2022-12-30,0.33911123731613746,1152053.6244789565,152053.62447895645
a2c,a2c_21d88d24,2,"{""gamma"": 0.99, ""learning_rate"": 0.0007, ""n_steps"": 10}",2,2022-12-30,2023-01-03,2023-04-03,0.15263296596288806,1048337.1835735082,48337.18357350817
a2c,a2c_21d88d24,2,"{""gamma"": 0.99, ""learning_rate"": 0.0007, ""n_steps"": 10}",3,2023-04-03,2023-04-04,2023-07-05,0.2739051515186892,1066646.8435965842,66646.84359658416
a2c,a2c_21d88d24,2,"{""gamma"": 0.99, ""learning_rate"": 0.0007, ""n_steps"": 10}",4,2023-07-05,2023-07-06,2023-10-03,-0.14945819708354713,957946.1164070973,-42053.88359290268
a2c,a2c_21d88d24,2,"{""gamma"": 0.99, ""learning_rate"": 0.0007, ""n_steps"": 10}",5,2023-10-03,2023-10-04,2024-01-03,0.4275554998821753,1120064.7623649281,120064.76236492814
a2c,a2c_21d88d24,2,"{""gamma"": 0.99, ""learning_rate"": 0.0007, ""n_steps"": 10}",6,2024-01-03,2024-01-04,2024-04-04,0.35174364676935865,1084790.155433843,84790.15543384291
a2c,a2c_21d88d24,2,"{""gamma"": 0.99, ""learning_rate"": 0.0007, ""n_steps"": 10}",7,2024-04-04,2024-04-05,2024-07-05,-0.02389854738743442,989716.559511396,-10283.440488604014
a2c,a2c_21d88d24,2,"{""gamma"": 0.99, ""learning_rate"": 0.0007, ""n_steps"": 10}",8,2024-07-05,2024-07-08,2024-10-03,0.12287655507552576,1038615.7164997625,38615.71649976249
a2c,a2c_21d88d24,2,"{""gamma"": 0.99, ""learning_rate"": 0.0007, ""n_steps"": 10}",9,2024-10-03,2024-10-04,2025-01-03,0.07217077287248609,1014410.3179354019,14410.317935401925
a2c,a2c_21d88d24,2,"{""gamma"": 0.99, ""learning_rate"": 0.0007, ""n_steps"": 10}",10,2025-01-03,2025-01-06,2025-04-07,-0.35432843466148606,840509.9935315636,-159490.00646843645
a2c,a2c_21d88d24,2,"{""gamma"": 0.99, ""learning_rate"": 0.0007, ""n_steps"": 10}",11,2025-04-07,2025-04-08,2025-07-09,0.5971763730397636,1220566.881396602,220566.8813966019
a2c,a2c_21d88d24,2,"{""gamma"": 0.99, ""learning_rate"": 0.0007, ""n_steps"": 10}",12,2025-07-09,2025-07-10,2025-10-07,0.19963495923848296,1034053.2823756987,34053.282375698676
a2c,a2c_21d88d24,2,"{""gamma"": 0.99, ""learning_rate"": 0.0007, ""n_steps"": 10}",13,2025-10-07,2025-10-08,2026-01-07,0.3327774399024721,1122667.2181635362,122667.21816353616
a2c,a2c_21d88d24,2,"{""gamma"": 0.99, ""learning_rate"": 0.0007, ""n_steps"": 10}",14,2026-01-07,2026-01-08,2026-04-09,-0.08980840516847162,976794.4979161419,-23205.502083858126
a2c,a2c_e4871e78,3,"{""gamma"": 0.99, ""learning_rate"": 0.001, ""n_steps"": 5}",1,2022-09-30,2022-10-03,2022-12-30,0.20656598223733677,1076670.6347538661,76670.63475386612
a2c,a2c_e4871e78,3,"{""gamma"": 0.99, ""learning_rate"": 0.001, ""n_steps"": 5}",2,2022-12-30,2023-01-03,2023-04-03,0.005218089474856614,999124.8201811161,-875.1798188838875
a2c,a2c_e4871e78,3,"{""gamma"": 0.99, ""learning_rate"": 0.001, ""n_steps"": 5}",3,2023-04-03,2023-04-04,2023-07-05,0.01448768787044186,1000660.8785754929,660.8785754928831
a2c,a2c_e4871e78,3,"{""gamma"": 0.99, ""learning_rate"": 0.001, ""n_steps"": 5}",4,2023-07-05,2023-07-06,2023-10-03,-0.26378489955551343,946212.653604599,-53787.34639540105
a2c,a2c_e4871e78,3,"{""gamma"": 0.99, ""learning_rate"": 0.001, ""n_steps"": 5}",5,2023-10-03,2023-10-04,2024-01-03,0.49520190560854893,1101617.9854506776,101617.98545067757
a2c,a2c_e4871e78,3,"{""gamma"": 0.99, ""learning_rate"": 0.001, ""n_steps"": 5}",6,2024-01-03,2024-01-04,2024-04-04,0.19049339614998625,1039550.1787031592,39550.17870315921
a2c,a2c_e4871e78,3,"{""gamma"": 0.99, ""learning_rate"": 0.001, ""n_steps"": 5}",7,2024-04-04,2024-04-05,2024-07-05,-0.025026782850501087,991262.8442219448,-8737.155778055196
a2c,a2c_e4871e78,3,"{""gamma"": 0.99, ""learning_rate"": 0.001, ""n_steps"": 5}",8,2024-07-05,2024-07-08,2024-10-03,0.2845400858559383,1075844.7761702826,75844.77617028262
a2c,a2c_e4871e78,3,"{""gamma"": 0.99, ""learning_rate"": 0.001, ""n_steps"": 5}",9,2024-10-03,2024-10-04,2025-01-03,0.039633385157371484,1007613.4669910828,7613.466991082765
a2c,a2c_e4871e78,3,"{""gamma"": 0.99, ""learning_rate"": 0.001, ""n_steps"": 5}",10,2025-01-03,2025-01-06,2025-04-07,-0.26712227460462035,894148.8687418778,-105851.13125812216
a2c,a2c_e4871e78,3,"{""gamma"": 0.99, ""learning_rate"": 0.001, ""n_steps"": 5}",11,2025-04-07,2025-04-08,2025-07-09,0.20135917737768083,1094621.2918177461,94621.29181774613
a2c,a2c_e4871e78,3,"{""gamma"": 0.99, ""learning_rate"": 0.001, ""n_steps"": 5}",12,2025-07-09,2025-07-10,2025-10-07,0.23106254692497083,1054139.7193625676,54139.719362567645
a2c,a2c_e4871e78,3,"{""gamma"": 0.99, ""learning_rate"": 0.001, ""n_steps"": 5}",13,2025-10-07,2025-10-08,2026-01-07,0.31375393619880726,1089229.2015514777,89229.20155147766
a2c,a2c_e4871e78,3,"{""gamma"": 0.99, ""learning_rate"": 0.001, ""n_steps"": 5}",14,2026-01-07,2026-01-08,2026-04-09,-0.054545793463999785,974677.0945485018,-25322.905451498227
a2c,a2c_cd18b9ba,4,"{""gamma"": 0.99, ""learning_rate"": 0.001, ""n_steps"": 10}",1,2022-09-30,2022-10-03,2022-12-30,0.3488199701570523,1149034.881326797,149034.88132679695
a2c,a2c_cd18b9ba,4,"{""gamma"": 0.99, ""learning_rate"": 0.001, ""n_steps"": 10}",2,2022-12-30,2023-01-03,2023-04-03,0.033466121542860904,1007225.8630218373,7225.863021837315
a2c,a2c_cd18b9ba,4,"{""gamma"": 0.99, ""learning_rate"": 0.001, ""n_steps"": 10}",3,2023-04-03,2023-04-04,2023-07-05,-0.0008230727239392366,995925.1980302897,-4074.801969710272
a2c,a2c_cd18b9ba,4,"{""gamma"": 0.99, ""learning_rate"": 0.001, ""n_steps"": 10}",4,2023-07-05,2023-07-06,2023-10-03,-0.12398367373011163,970651.0282917691,-29348.971708230907
a2c,a2c_cd18b9ba,4,"{""gamma"": 0.99, ""learning_rate"": 0.001, ""n_steps"": 10}",5,2023-10-03,2023-10-04,2024-01-03,0.43781592593835955,1113197.5149705855,113197.51497058547
a2c,a2c_cd18b9ba,4,"{""gamma"": 0.99, ""learning_rate"": 0.001, ""n_steps"": 10}",6,2024-01-03,2024-01-04,2024-04-04,0.5068115757224654,1111141.9123077146,111141.91230771458
a2c,a2c_cd18b9ba,4,"{""gamma"": 0.99, ""learning_rate"": 0.001, ""n_steps"": 10}",7,2024-04-04,2024-04-05,2024-07-05,0.2516432536426126,1062412.8475413024,62412.84754130244
a2c,a2c_cd18b9ba,4,"{""gamma"": 0.99, ""learning_rate"": 0.001, ""n_steps"": 10}",8,2024-07-05,2024-07-08,2024-10-03,0.3338918974270803,1083863.7146827076,83863.71468270756
a2c,a2c_cd18b9ba,4,"{""gamma"": 0.99, ""learning_rate"": 0.001, ""n_steps"": 10}",9,2024-10-03,2024-10-04,2025-01-03,0.12874809038099208,1032034.1762915557,32034.17629155575
a2c,a2c_cd18b9ba,4,"{""gamma"": 0.99, ""learning_rate"": 0.001, ""n_steps"": 10}",10,2025-01-03,2025-01-06,2025-04-07,-0.11736875064456617,950183.9018556388,-49816.09814436118
a2c,a2c_cd18b9ba,4,"{""gamma"": 0.99, ""learning_rate"": 0.001, ""n_steps"": 10}",11,2025-04-07,2025-04-08,2025-07-09,0.5227308690929139,1190857.5538738077,190857.55387380766
a2c,a2c_cd18b9ba,4,"{""gamma"": 0.99, ""learning_rate"": 0.001, ""n_steps"": 10}",12,2025-07-09,2025-07-10,2025-10-07,0.3559673970720399,1108549.528984218,108549.5289842179
a2c,a2c_cd18b9ba,4,"{""gamma"": 0.99, ""learning_rate"": 0.001, ""n_steps"": 10}",13,2025-10-07,2025-10-08,2026-01-07,0.4027221333120368,1125531.7334896799,125531.73348967987
a2c,a2c_cd18b9ba,4,"{""gamma"": 0.99, ""learning_rate"": 0.001, ""n_steps"": 10}",14,2026-01-07,2026-01-08,2026-04-09,0.039072236153775225,1012574.6167842698,12574.616784269805
ddpg,ddpg_09b5e45f,1,"{""batch_size"": 64, ""buffer_size"": 10000, ""gamma"": 0.99, ""learning_rate"": 0.001, ""noise_sigma"": 0.5}",1,2022-09-30,2022-10-03,2022-12-30,0.2023782124059479,1085919.3072396037,85919.30723960372
ddpg,ddpg_09b5e45f,1,"{""batch_size"": 64, ""buffer_size"": 10000, ""gamma"": 0.99, ""learning_rate"": 0.001, ""noise_sigma"": 0.5}",2,2022-12-30,2023-01-03,2023-04-03,0.07796959794709542,1021639.1324621758,21639.132462175803
ddpg,ddpg_09b5e45f,1,"{""batch_size"": 64, ""buffer_size"": 10000, ""gamma"": 0.99, ""learning_rate"": 0.001, ""noise_sigma"": 0.5}",3,2023-04-03,2023-04-04,2023-07-05,0.17294535254304855,1039011.3016988282,39011.30169882823
ddpg,ddpg_09b5e45f,1,"{""batch_size"": 64, ""buffer_size"": 10000, ""gamma"": 0.99, ""learning_rate"": 0.001, ""noise_sigma"": 0.5}",4,2023-07-05,2023-07-06,2023-10-03,-0.1699434256971433,964100.6444271884,-35899.35557281156
ddpg,ddpg_09b5e45f,1,"{""batch_size"": 64, ""buffer_size"": 10000, ""gamma"": 0.99, ""learning_rate"": 0.001, ""noise_sigma"": 0.5}",5,2023-10-03,2023-10-04,2024-01-03,0.6058239949618676,1140358.419586106,140358.41958610597
ddpg,ddpg_09b5e45f,1,"{""batch_size"": 64, ""buffer_size"": 10000, ""gamma"": 0.99, ""learning_rate"": 0.001, ""noise_sigma"": 0.5}",6,2024-01-03,2024-01-04,2024-04-04,0.13390827430033064,1025692.9795994381,25692.979599438142
ddpg,ddpg_09b5e45f,1,"{""batch_size"": 64, ""buffer_size"": 10000, ""gamma"": 0.99, ""learning_rate"": 0.001, ""noise_sigma"": 0.5}",7,2024-04-04,2024-04-05,2024-07-05,-0.011881334458563573,995591.5908450026,-4408.40915499744
ddpg,ddpg_09b5e45f,1,"{""batch_size"": 64, ""buffer_size"": 10000, ""gamma"": 0.99, ""learning_rate"": 0.001, ""noise_sigma"": 0.5}",8,2024-07-05,2024-07-08,2024-10-03,0.27288179967920556,1064957.8424578283,64957.842457828345
ddpg,ddpg_09b5e45f,1,"{""batch_size"": 64, ""buffer_size"": 10000, ""gamma"": 0.99, ""learning_rate"": 0.001, ""noise_sigma"": 0.5}",9,2024-10-03,2024-10-04,2025-01-03,-0.04585443574010932,983789.529384531,-16210.470615469036
ddpg,ddpg_09b5e45f,1,"{""batch_size"": 64, ""buffer_size"": 10000, ""gamma"": 0.99, ""learning_rate"": 0.001, ""noise_sigma"": 0.5}",10,2025-01-03,2025-01-06,2025-04-07,-0.25452349316649453,907341.1717306459,-92658.82826935407
ddpg,ddpg_09b5e45f,1,"{""batch_size"": 64, ""buffer_size"": 10000, ""gamma"": 0.99, ""learning_rate"": 0.001, ""noise_sigma"": 0.5}",11,2025-04-07,2025-04-08,2025-07-09,0.15746527388090395,1078081.1748589277,78081.17485892773
ddpg,ddpg_09b5e45f,1,"{""batch_size"": 64, ""buffer_size"": 10000, ""gamma"": 0.99, ""learning_rate"": 0.001, ""noise_sigma"": 0.5}",12,2025-07-09,2025-07-10,2025-10-07,0.17545607089181,1030936.2730266534,30936.27302665345
ddpg,ddpg_09b5e45f,1,"{""batch_size"": 64, ""buffer_size"": 10000, ""gamma"": 0.99, ""learning_rate"": 0.001, ""noise_sigma"": 0.5}",13,2025-10-07,2025-10-08,2026-01-07,0.15126462693061773,1034302.1005321993,34302.100532199256
ddpg,ddpg_09b5e45f,1,"{""batch_size"": 64, ""buffer_size"": 10000, ""gamma"": 0.99, ""learning_rate"": 0.001, ""noise_sigma"": 0.5}",14,2026-01-07,2026-01-08,2026-04-09,-0.33541965000300217,903493.1898244487,-96506.81017555133
ddpg,ddpg_29e7cf1e,2,"{""batch_size"": 64, ""buffer_size"": 50000, ""gamma"": 0.99, ""learning_rate"": 0.001, ""noise_sigma"": 0.5}",1,2022-09-30,2022-10-03,2022-12-30,0.2023782124059479,1085919.3072396037,85919.30723960372
ddpg,ddpg_29e7cf1e,2,"{""batch_size"": 64, ""buffer_size"": 50000, ""gamma"": 0.99, ""learning_rate"": 0.001, ""noise_sigma"": 0.5}",2,2022-12-30,2023-01-03,2023-04-03,0.07796959794709542,1021639.1324621758,21639.132462175803
ddpg,ddpg_29e7cf1e,2,"{""batch_size"": 64, ""buffer_size"": 50000, ""gamma"": 0.99, ""learning_rate"": 0.001, ""noise_sigma"": 0.5}",3,2023-04-03,2023-04-04,2023-07-05,0.17294535254304855,1039011.3016988282,39011.30169882823
ddpg,ddpg_29e7cf1e,2,"{""batch_size"": 64, ""buffer_size"": 50000, ""gamma"": 0.99, ""learning_rate"": 0.001, ""noise_sigma"": 0.5}",4,2023-07-05,2023-07-06,2023-10-03,-0.1699434256971433,964100.6444271884,-35899.35557281156
ddpg,ddpg_29e7cf1e,2,"{""batch_size"": 64, ""buffer_size"": 50000, ""gamma"": 0.99, ""learning_rate"": 0.001, ""noise_sigma"": 0.5}",5,2023-10-03,2023-10-04,2024-01-03,0.6058239949618676,1140358.419586106,140358.41958610597
ddpg,ddpg_29e7cf1e,2,"{""batch_size"": 64, ""buffer_size"": 50000, ""gamma"": 0.99, ""learning_rate"": 0.001, ""noise_sigma"": 0.5}",6,2024-01-03,2024-01-04,2024-04-04,0.13390827430033064,1025692.9795994381,25692.979599438142
ddpg,ddpg_29e7cf1e,2,"{""batch_size"": 64, ""buffer_size"": 50000, ""gamma"": 0.99, ""learning_rate"": 0.001, ""noise_sigma"": 0.5}",7,2024-04-04,2024-04-05,2024-07-05,-0.011881334458563573,995591.5908450026,-4408.40915499744
ddpg,ddpg_29e7cf1e,2,"{""batch_size"": 64, ""buffer_size"": 50000, ""gamma"": 0.99, ""learning_rate"": 0.001, ""noise_sigma"": 0.5}",8,2024-07-05,2024-07-08,2024-10-03,0.27288179967920556,1064957.8424578283,64957.842457828345
ddpg,ddpg_29e7cf1e,2,"{""batch_size"": 64, ""buffer_size"": 50000, ""gamma"": 0.99, ""learning_rate"": 0.001, ""noise_sigma"": 0.5}",9,2024-10-03,2024-10-04,2025-01-03,-0.04585443574010932,983789.529384531,-16210.470615469036
ddpg,ddpg_29e7cf1e,2,"{""batch_size"": 64, ""buffer_size"": 50000, ""gamma"": 0.99, ""learning_rate"": 0.001, ""noise_sigma"": 0.5}",10,2025-01-03,2025-01-06,2025-04-07,-0.25452349316649453,907341.1717306459,-92658.82826935407
ddpg,ddpg_29e7cf1e,2,"{""batch_size"": 64, ""buffer_size"": 50000, ""gamma"": 0.99, ""learning_rate"": 0.001, ""noise_sigma"": 0.5}",11,2025-04-07,2025-04-08,2025-07-09,0.15746527388090395,1078081.1748589277,78081.17485892773
ddpg,ddpg_29e7cf1e,2,"{""batch_size"": 64, ""buffer_size"": 50000, ""gamma"": 0.99, ""learning_rate"": 0.001, ""noise_sigma"": 0.5}",12,2025-07-09,2025-07-10,2025-10-07,0.17545607089181,1030936.2730266534,30936.27302665345
ddpg,ddpg_29e7cf1e,2,"{""batch_size"": 64, ""buffer_size"": 50000, ""gamma"": 0.99, ""learning_rate"": 0.001, ""noise_sigma"": 0.5}",13,2025-10-07,2025-10-08,2026-01-07,0.15126462693061773,1034302.1005321993,34302.100532199256
ddpg,ddpg_29e7cf1e,2,"{""batch_size"": 64, ""buffer_size"": 50000, ""gamma"": 0.99, ""learning_rate"": 0.001, ""noise_sigma"": 0.5}",14,2026-01-07,2026-01-08,2026-04-09,-0.33541965000300217,903493.1898244487,-96506.81017555133
ddpg,ddpg_2f9e6d4a,3,"{""batch_size"": 64, ""buffer_size"": 10000, ""gamma"": 0.99, ""learning_rate"": 0.0003, ""noise_sigma"": 0.5}",1,2022-09-30,2022-10-03,2022-12-30,0.18280163221515303,1078899.5973191485,78899.59731914848
ddpg,ddpg_2f9e6d4a,3,"{""batch_size"": 64, ""buffer_size"": 10000, ""gamma"": 0.99, ""learning_rate"": 0.0003, ""noise_sigma"": 0.5}",2,2022-12-30,2023-01-03,2023-04-03,0.14082799504752586,1039976.3093917227,39976.30939172267
ddpg,ddpg_2f9e6d4a,3,"{""batch_size"": 64, ""buffer_size"": 10000, ""gamma"": 0.99, ""learning_rate"": 0.0003, ""noise_sigma"": 0.5}",3,2023-04-03,2023-04-04,2023-07-05,0.15107594284272888,1033295.3354132487,33295.335413248744
ddpg,ddpg_2f9e6d4a,3,"{""batch_size"": 64, ""buffer_size"": 10000, ""gamma"": 0.99, ""learning_rate"": 0.0003, ""noise_sigma"": 0.5}",4,2023-07-05,2023-07-06,2023-10-03,-0.12763631170838818,972942.0902227452,-27057.909777254798
ddpg,ddpg_2f9e6d4a,3,"{""batch_size"": 64, ""buffer_size"": 10000, ""gamma"": 0.99, ""learning_rate"": 0.0003, ""noise_sigma"": 0.5}",5,2023-10-03,2023-10-04,2024-01-03,0.6499778431623819,1134305.7654791232,134305.76547912322
ddpg,ddpg_2f9e6d4a,3,"{""batch_size"": 64, ""buffer_size"": 10000, ""gamma"": 0.99, ""learning_rate"": 0.0003, ""noise_sigma"": 0.5}",6,2024-01-03,2024-01-04,2024-04-04,0.13187079059927062,1023300.1307202327,23300.13072023273
ddpg,ddpg_2f9e6d4a,3,"{""batch_size"": 64, ""buffer_size"": 10000, ""gamma"": 0.99, ""learning_rate"": 0.0003, ""noise_sigma"": 0.5}",7,2024-04-04,2024-04-05,2024-07-05,0.17529427891776375,1033527.1286003005,33527.12860030052
ddpg,ddpg_2f9e6d4a,3,"{""batch_size"": 64, ""buffer_size"": 10000, ""gamma"": 0.99, ""learning_rate"": 0.0003, ""noise_sigma"": 0.5}",8,2024-07-05,2024-07-08,2024-10-03,0.18810243054246856,1045650.8034679143,45650.803467914346
ddpg,ddpg_2f9e6d4a,3,"{""batch_size"": 64, ""buffer_size"": 10000, ""gamma"": 0.99, ""learning_rate"": 0.0003, ""noise_sigma"": 0.5}",9,2024-10-03,2024-10-04,2025-01-03,0.05862009565747973,1009258.4056007735,9258.40560077352
ddpg,ddpg_2f9e6d4a,3,"{""batch_size"": 64, ""buffer_size"": 10000, ""gamma"": 0.99, ""learning_rate"": 0.0003, ""noise_sigma"": 0.5}",10,2025-01-03,2025-01-06,2025-04-07,-0.2949420405212768,886843.3141341645,-113156.68586583552
ddpg,ddpg_2f9e6d4a,3,"{""batch_size"": 64, ""buffer_size"": 10000, ""gamma"": 0.99, ""learning_rate"": 0.0003, ""noise_sigma"": 0.5}",11,2025-04-07,2025-04-08,2025-07-09,0.14407500855373978,1073294.3867715895,73294.38677158952
ddpg,ddpg_2f9e6d4a,3,"{""batch_size"": 64, ""buffer_size"": 10000, ""gamma"": 0.99, ""learning_rate"": 0.0003, ""noise_sigma"": 0.5}",12,2025-07-09,2025-07-10,2025-10-07,0.08778446553959812,1012941.5775130374,12941.577513037366
ddpg,ddpg_2f9e6d4a,3,"{""batch_size"": 64, ""buffer_size"": 10000, ""gamma"": 0.99, ""learning_rate"": 0.0003, ""noise_sigma"": 0.5}",13,2025-10-07,2025-10-08,2026-01-07,0.19153407343028364,1042674.3358020169,42674.335802016896
ddpg,ddpg_2f9e6d4a,3,"{""batch_size"": 64, ""buffer_size"": 10000, ""gamma"": 0.99, ""learning_rate"": 0.0003, ""noise_sigma"": 0.5}",14,2026-01-07,2026-01-08,2026-04-09,-0.17183548564992202,949774.8164150297,-50225.183584970306
ddpg,ddpg_b15b8e67,4,"{""batch_size"": 128, ""buffer_size"": 10000, ""gamma"": 0.99, ""learning_rate"": 0.001, ""noise_sigma"": 0.3}",1,2022-09-30,2022-10-03,2022-12-30,0.22516496119062032,1093937.8204616215,93937.82046162151
ddpg,ddpg_b15b8e67,4,"{""batch_size"": 128, ""buffer_size"": 10000, ""gamma"": 0.99, ""learning_rate"": 0.001, ""noise_sigma"": 0.3}",2,2022-12-30,2023-01-03,2023-04-03,0.16660170177295983,1046616.9125630292,46616.91256302921
ddpg,ddpg_b15b8e67,4,"{""batch_size"": 128, ""buffer_size"": 10000, ""gamma"": 0.99, ""learning_rate"": 0.001, ""noise_sigma"": 0.3}",3,2023-04-03,2023-04-04,2023-07-05,0.18768797215611363,1040265.0032172949,40265.00321729493
ddpg,ddpg_b15b8e67,4,"{""batch_size"": 128, ""buffer_size"": 10000, ""gamma"": 0.99, ""learning_rate"": 0.001, ""noise_sigma"": 0.3}",4,2023-07-05,2023-07-06,2023-10-03,-0.1936844369669535,961310.9136266347,-38689.08637336525
ddpg,ddpg_b15b8e67,4,"{""batch_size"": 128, ""buffer_size"": 10000, ""gamma"": 0.99, ""learning_rate"": 0.001, ""noise_sigma"": 0.3}",5,2023-10-03,2023-10-04,2024-01-03,0.722908268082913,1154492.0259360706,154492.0259360706
ddpg,ddpg_b15b8e67,4,"{""batch_size"": 128, ""buffer_size"": 10000, ""gamma"": 0.99, ""learning_rate"": 0.001, ""noise_sigma"": 0.3}",6,2024-01-03,2024-01-04,2024-04-04,0.15203349044078204,1027945.6906274564,27945.69062745641
ddpg,ddpg_b15b8e67,4,"{""batch_size"": 128, ""buffer_size"": 10000, ""gamma"": 0.99, ""learning_rate"": 0.001, ""noise_sigma"": 0.3}",7,2024-04-04,2024-04-05,2024-07-05,0.08713725833487443,1016020.9125951447,16020.912595144706
ddpg,ddpg_b15b8e67,4,"{""batch_size"": 128, ""buffer_size"": 10000, ""gamma"": 0.99, ""learning_rate"": 0.001, ""noise_sigma"": 0.3}",8,2024-07-05,2024-07-08,2024-10-03,0.25821423246763703,1064453.7073172554,64453.70731725544
ddpg,ddpg_b15b8e67,4,"{""batch_size"": 128, ""buffer_size"": 10000, ""gamma"": 0.99, ""learning_rate"": 0.001, ""noise_sigma"": 0.3}",9,2024-10-03,2024-10-04,2025-01-03,0.08484631940329178,1015196.4522116412,15196.452211641237
ddpg,ddpg_b15b8e67,4,"{""batch_size"": 128, ""buffer_size"": 10000, ""gamma"": 0.99, ""learning_rate"": 0.001, ""noise_sigma"": 0.3}",10,2025-01-03,2025-01-06,2025-04-07,-0.29028678065711433,897524.6585194799,-102475.34148052009
ddpg,ddpg_b15b8e67,4,"{""batch_size"": 128, ""buffer_size"": 10000, ""gamma"": 0.99, ""learning_rate"": 0.001, ""noise_sigma"": 0.3}",11,2025-04-07,2025-04-08,2025-07-09,0.31758341342520385,1128724.8998662736,128724.89986627363
ddpg,ddpg_b15b8e67,4,"{""batch_size"": 128, ""buffer_size"": 10000, ""gamma"": 0.99, ""learning_rate"": 0.001, ""noise_sigma"": 0.3}",12,2025-07-09,2025-07-10,2025-10-07,0.09770495767249636,1014018.9549589724,14018.954958972405
ddpg,ddpg_b15b8e67,4,"{""batch_size"": 128, ""buffer_size"": 10000, ""gamma"": 0.99, ""learning_rate"": 0.001, ""noise_sigma"": 0.3}",13,2025-10-07,2025-10-08,2026-01-07,0.21631972477136388,1048936.8183896502,48936.8183896502
ddpg,ddpg_b15b8e67,4,"{""batch_size"": 128, ""buffer_size"": 10000, ""gamma"": 0.99, ""learning_rate"": 0.001, ""noise_sigma"": 0.3}",14,2026-01-07,2026-01-08,2026-04-09,-0.27518649303880294,924351.8674973462,-75648.13250265375
ppo,ppo_65c42095,1,"{""batch_size"": 64, ""ent_coef"": 0.005, ""gamma"": 0.99, ""learning_rate"": 0.0003, ""n_steps"": 512}",1,2022-09-30,2022-10-03,2022-12-30,0.40612496472441034,1174775.4064022298,174775.4064022298
ppo,ppo_65c42095,1,"{""batch_size"": 64, ""ent_coef"": 0.005, ""gamma"": 0.99, ""learning_rate"": 0.0003, ""n_steps"": 512}",2,2022-12-30,2023-01-03,2023-04-03,0.04097729610691773,1009013.1027375809,9013.102737580894
ppo,ppo_65c42095,1,"{""batch_size"": 64, ""ent_coef"": 0.005, ""gamma"": 0.99, ""learning_rate"": 0.0003, ""n_steps"": 512}",3,2023-04-03,2023-04-04,2023-07-05,0.3341149829740438,1087153.6280870992,87153.62808709918
ppo,ppo_65c42095,1,"{""batch_size"": 64, ""ent_coef"": 0.005, ""gamma"": 0.99, ""learning_rate"": 0.0003, ""n_steps"": 512}",4,2023-07-05,2023-07-06,2023-10-03,0.04274365341800459,1006246.1678797812,6246.16787978122
ppo,ppo_65c42095,1,"{""batch_size"": 64, ""ent_coef"": 0.005, ""gamma"": 0.99, ""learning_rate"": 0.0003, ""n_steps"": 512}",5,2023-10-03,2023-10-04,2024-01-03,0.5784859600109179,1130233.083848494,130233.0838484941
ppo,ppo_65c42095,1,"{""batch_size"": 64, ""ent_coef"": 0.005, ""gamma"": 0.99, ""learning_rate"": 0.0003, ""n_steps"": 512}",6,2024-01-03,2024-01-04,2024-04-04,0.34260649824328165,1088377.6169641195,88377.61696411949
ppo,ppo_65c42095,1,"{""batch_size"": 64, ""ent_coef"": 0.005, ""gamma"": 0.99, ""learning_rate"": 0.0003, ""n_steps"": 512}",7,2024-04-04,2024-04-05,2024-07-05,0.17226421199795075,1035698.9254339444,35698.925433944445
ppo,ppo_65c42095,1,"{""batch_size"": 64, ""ent_coef"": 0.005, ""gamma"": 0.99, ""learning_rate"": 0.0003, ""n_steps"": 512}",8,2024-07-05,2024-07-08,2024-10-03,0.03934995044273524,1008170.6477093142,8170.647709314246
ppo,ppo_65c42095,1,"{""batch_size"": 64, ""ent_coef"": 0.005, ""gamma"": 0.99, ""learning_rate"": 0.0003, ""n_steps"": 512}",9,2024-10-03,2024-10-04,2025-01-03,0.23114370896546987,1088458.4278149048,88458.42781490483
ppo,ppo_65c42095,1,"{""batch_size"": 64, ""ent_coef"": 0.005, ""gamma"": 0.99, ""learning_rate"": 0.0003, ""n_steps"": 512}",10,2025-01-03,2025-01-06,2025-04-07,-0.24858105963347685,908175.7283510976,-91824.27164890245
ppo,ppo_65c42095,1,"{""batch_size"": 64, ""ent_coef"": 0.005, ""gamma"": 0.99, ""learning_rate"": 0.0003, ""n_steps"": 512}",11,2025-04-07,2025-04-08,2025-07-09,0.7859193658227711,1323518.4464455922,323518.4464455922
ppo,ppo_65c42095,1,"{""batch_size"": 64, ""ent_coef"": 0.005, ""gamma"": 0.99, ""learning_rate"": 0.0003, ""n_steps"": 512}",12,2025-07-09,2025-07-10,2025-10-07,0.3314842078081923,1066628.5971793646,66628.59717936465
ppo,ppo_65c42095,1,"{""batch_size"": 64, ""ent_coef"": 0.005, ""gamma"": 0.99, ""learning_rate"": 0.0003, ""n_steps"": 512}",13,2025-10-07,2025-10-08,2026-01-07,0.2500223351630069,1045252.4976114491,45252.4976114491
ppo,ppo_65c42095,1,"{""batch_size"": 64, ""ent_coef"": 0.005, ""gamma"": 0.99, ""learning_rate"": 0.0003, ""n_steps"": 512}",14,2026-01-07,2026-01-08,2026-04-09,-0.09288944517547847,960098.7021085019,-39901.29789149808
ppo,ppo_7535b29e,2,"{""batch_size"": 128, ""ent_coef"": 0.005, ""gamma"": 0.99, ""learning_rate"": 0.0003, ""n_steps"": 512}",1,2022-09-30,2022-10-03,2022-12-30,0.4092981202309052,1175851.3580388143,175851.35803881427
ppo,ppo_7535b29e,2,"{""batch_size"": 128, ""ent_coef"": 0.005, ""gamma"": 0.99, ""learning_rate"": 0.0003, ""n_steps"": 512}",2,2022-12-30,2023-01-03,2023-04-03,0.0142189415562197,1001085.8703252284,1085.8703252284358
ppo,ppo_7535b29e,2,"{""batch_size"": 128, ""ent_coef"": 0.005, ""gamma"": 0.99, ""learning_rate"": 0.0003, ""n_steps"": 512}",3,2023-04-03,2023-04-04,2023-07-05,0.04803574280501447,1011824.5400551636,11824.540055163554
ppo,ppo_7535b29e,2,"{""batch_size"": 128, ""ent_coef"": 0.005, ""gamma"": 0.99, ""learning_rate"": 0.0003, ""n_steps"": 512}",4,2023-07-05,2023-07-06,2023-10-03,0.20055993090027693,1032954.6508330165,32954.650833016494
ppo,ppo_7535b29e,2,"{""batch_size"": 128, ""ent_coef"": 0.005, ""gamma"": 0.99, ""learning_rate"": 0.0003, ""n_steps"": 512}",5,2023-10-03,2023-10-04,2024-01-03,0.3400476505132338,1069984.4157442853,69984.41574428533
ppo,ppo_7535b29e,2,"{""batch_size"": 128, ""ent_coef"": 0.005, ""gamma"": 0.99, ""learning_rate"": 0.0003, ""n_steps"": 512}",6,2024-01-03,2024-01-04,2024-04-04,0.27533837265301636,1063056.9535572235,63056.95355722355
ppo,ppo_7535b29e,2,"{""batch_size"": 128, ""ent_coef"": 0.005, ""gamma"": 0.99, ""learning_rate"": 0.0003, ""n_steps"": 512}",7,2024-04-04,2024-04-05,2024-07-05,0.3570665450925972,1075670.9577171046,75670.95771710458
ppo,ppo_7535b29e,2,"{""batch_size"": 128, ""ent_coef"": 0.005, ""gamma"": 0.99, ""learning_rate"": 0.0003, ""n_steps"": 512}",8,2024-07-05,2024-07-08,2024-10-03,0.20812050689313505,1049026.331375167,49026.33137516701
ppo,ppo_7535b29e,2,"{""batch_size"": 128, ""ent_coef"": 0.005, ""gamma"": 0.99, ""learning_rate"": 0.0003, ""n_steps"": 512}",9,2024-10-03,2024-10-04,2025-01-03,0.20425038760446051,1070251.3594508166,70251.35945081664
ppo,ppo_7535b29e,2,"{""batch_size"": 128, ""ent_coef"": 0.005, ""gamma"": 0.99, ""learning_rate"": 0.0003, ""n_steps"": 512}",10,2025-01-03,2025-01-06,2025-04-07,-0.43599541837056166,829094.8558545985,-170905.14414540154
ppo,ppo_7535b29e,2,"{""batch_size"": 128, ""ent_coef"": 0.005, ""gamma"": 0.99, ""learning_rate"": 0.0003, ""n_steps"": 512}",11,2025-04-07,2025-04-08,2025-07-09,0.7158463961535322,1273414.6217401456,273414.6217401456
ppo,ppo_7535b29e,2,"{""batch_size"": 128, ""ent_coef"": 0.005, ""gamma"": 0.99, ""learning_rate"": 0.0003, ""n_steps"": 512}",12,2025-07-09,2025-07-10,2025-10-07,0.21841746444622923,1034455.2553263835,34455.255326383514
ppo,ppo_7535b29e,2,"{""batch_size"": 128, ""ent_coef"": 0.005, ""gamma"": 0.99, ""learning_rate"": 0.0003, ""n_steps"": 512}",13,2025-10-07,2025-10-08,2026-01-07,0.019883933707194202,1002243.1149065988,2243.114906598814
ppo,ppo_7535b29e,2,"{""batch_size"": 128, ""ent_coef"": 0.005, ""gamma"": 0.99, ""learning_rate"": 0.0003, ""n_steps"": 512}",14,2026-01-07,2026-01-08,2026-04-09,-0.125090260984856,942989.3735240075,-57010.626475992496
ppo,ppo_333d8ec9,3,"{""batch_size"": 64, ""ent_coef"": 0.005, ""gamma"": 0.99, ""learning_rate"": 0.0001, ""n_steps"": 512}",1,2022-09-30,2022-10-03,2022-12-30,0.3386112461464358,1137129.684586546,137129.68458654592
ppo,ppo_333d8ec9,3,"{""batch_size"": 64, ""ent_coef"": 0.005, ""gamma"": 0.99, ""learning_rate"": 0.0001, ""n_steps"": 512}",2,2022-12-30,2023-01-03,2023-04-03,0.1638895635317185,1042542.6680453231,42542.66804532311
ppo,ppo_333d8ec9,3,"{""batch_size"": 64, ""ent_coef"": 0.005, ""gamma"": 0.99, ""learning_rate"": 0.0001, ""n_steps"": 512}",3,2023-04-03,2023-04-04,2023-07-05,0.21078404159184347,1051230.578369656,51230.57836965611
ppo,ppo_333d8ec9,3,"{""batch_size"": 64, ""ent_coef"": 0.005, ""gamma"": 0.99, ""learning_rate"": 0.0001, ""n_steps"": 512}",4,2023-07-05,2023-07-06,2023-10-03,-0.26352226567586046,958658.4020918217,-41341.597908178344
ppo,ppo_333d8ec9,3,"{""batch_size"": 64, ""ent_coef"": 0.005, ""gamma"": 0.99, ""learning_rate"": 0.0001, ""n_steps"": 512}",5,2023-10-03,2023-10-04,2024-01-03,0.42161905711663783,1089658.4637651755,89658.46376517555
ppo,ppo_333d8ec9,3,"{""batch_size"": 64, ""ent_coef"": 0.005, ""gamma"": 0.99, ""learning_rate"": 0.0001, ""n_steps"": 512}",6,2024-01-03,2024-01-04,2024-04-04,0.2931692732919466,1060900.793918035,60900.79391803499
ppo,ppo_333d8ec9,3,"{""batch_size"": 64, ""ent_coef"": 0.005, ""gamma"": 0.99, ""learning_rate"": 0.0001, ""n_steps"": 512}",7,2024-04-04,2024-04-05,2024-07-05,0.29381289010534034,1060418.7750731723,60418.77507317229
ppo,ppo_333d8ec9,3,"{""batch_size"": 64, ""ent_coef"": 0.005, ""gamma"": 0.99, ""learning_rate"": 0.0001, ""n_steps"": 512}",8,2024-07-05,2024-07-08,2024-10-03,0.11090115011921305,1025672.5949762145,25672.59497621446
ppo,ppo_333d8ec9,3,"{""batch_size"": 64, ""ent_coef"": 0.005, ""gamma"": 0.99, ""learning_rate"": 0.0001, ""n_steps"": 512}",9,2024-10-03,2024-10-04,2025-01-03,0.07886208953094621,1019599.2684399955,19599.268439995474
ppo,ppo_333d8ec9,3,"{""batch_size"": 64, ""ent_coef"": 0.005, ""gamma"": 0.99, ""learning_rate"": 0.0001, ""n_steps"": 512}",10,2025-01-03,2025-01-06,2025-04-07,-0.12270645507559177,957413.5831666852,-42586.416833314805
ppo,ppo_333d8ec9,3,"{""batch_size"": 64, ""ent_coef"": 0.005, ""gamma"": 0.99, ""learning_rate"": 0.0001, ""n_steps"": 512}",11,2025-04-07,2025-04-08,2025-07-09,0.31030844870113733,1120008.5596122523,120008.55961225228
ppo,ppo_333d8ec9,3,"{""batch_size"": 64, ""ent_coef"": 0.005, ""gamma"": 0.99, ""learning_rate"": 0.0001, ""n_steps"": 512}",12,2025-07-09,2025-07-10,2025-10-07,0.37888783653453567,1095627.1969531525,95627.19695315254
ppo,ppo_333d8ec9,3,"{""batch_size"": 64, ""ent_coef"": 0.005, ""gamma"": 0.99, ""learning_rate"": 0.0001, ""n_steps"": 512}",13,2025-10-07,2025-10-08,2026-01-07,0.4563660801744434,1095792.794809394,95792.79480939405
ppo,ppo_333d8ec9,3,"{""batch_size"": 64, ""ent_coef"": 0.005, ""gamma"": 0.99, ""learning_rate"": 0.0001, ""n_steps"": 512}",14,2026-01-07,2026-01-08,2026-04-09,-0.1831818864614718,928390.664681025,-71609.33531897503
ppo,ppo_16b5056c,4,"{""batch_size"": 64, ""ent_coef"": 0.005, ""gamma"": 0.99, ""learning_rate"": 0.0003, ""n_steps"": 1024}",1,2022-09-30,2022-10-03,2022-12-30,0.32089346544378744,1125335.8504199248,125335.85041992483
ppo,ppo_16b5056c,4,"{""batch_size"": 64, ""ent_coef"": 0.005, ""gamma"": 0.99, ""learning_rate"": 0.0003, ""n_steps"": 1024}",2,2022-12-30,2023-01-03,2023-04-03,-0.11493550298000134,962829.4724839205,-37170.527516079484
ppo,ppo_16b5056c,4,"{""batch_size"": 64, ""ent_coef"": 0.005, ""gamma"": 0.99, ""learning_rate"": 0.0003, ""n_steps"": 1024}",3,2023-04-03,2023-04-04,2023-07-05,0.22003500564677572,1066259.4136830952,66259.41368309525
ppo,ppo_16b5056c,4,"{""batch_size"": 64, ""ent_coef"": 0.005, ""gamma"": 0.99, ""learning_rate"": 0.0003, ""n_steps"": 1024}",4,2023-07-05,2023-07-06,2023-10-03,-0.14656033054481132,972198.5584496615,-27801.441550338524
ppo,ppo_16b5056c,4,"{""batch_size"": 64, ""ent_coef"": 0.005, ""gamma"": 0.99, ""learning_rate"": 0.0003, ""n_steps"": 1024}",5,2023-10-03,2023-10-04,2024-01-03,0.34858068674543474,1074658.112546406,74658.11254640599
ppo,ppo_16b5056c,4,"{""batch_size"": 64, ""ent_coef"": 0.005, ""gamma"": 0.99, ""learning_rate"": 0.0003, ""n_steps"": 1024}",6,2024-01-03,2024-01-04,2024-04-04,0.29911041926990495,1069775.2704221613,69775.27042216132
ppo,ppo_16b5056c,4,"{""batch_size"": 64, ""ent_coef"": 0.005, ""gamma"": 0.99, ""learning_rate"": 0.0003, ""n_steps"": 1024}",7,2024-04-04,2024-04-05,2024-07-05,0.28926735038140433,1052918.8185743326,52918.81857433263
ppo,ppo_16b5056c,4,"{""batch_size"": 64, ""ent_coef"": 0.005, ""gamma"": 0.99, ""learning_rate"": 0.0003, ""n_steps"": 1024}",8,2024-07-05,2024-07-08,2024-10-03,0.008930802619891196,999654.7770990152,-345.2229009848088
ppo,ppo_16b5056c,4,"{""batch_size"": 64, ""ent_coef"": 0.005, ""gamma"": 0.99, ""learning_rate"": 0.0003, ""n_steps"": 1024}",9,2024-10-03,2024-10-04,2025-01-03,0.14376659798138378,1051847.00226464,51847.00226464006
ppo,ppo_16b5056c,4,"{""batch_size"": 64, ""ent_coef"": 0.005, ""gamma"": 0.99, ""learning_rate"": 0.0003, ""n_steps"": 1024}",10,2025-01-03,2025-01-06,2025-04-07,-0.3153926602344043,870066.2832578787,-129933.71674212127
ppo,ppo_16b5056c,4,"{""batch_size"": 64, ""ent_coef"": 0.005, ""gamma"": 0.99, ""learning_rate"": 0.0003, ""n_steps"": 1024}",11,2025-04-07,2025-04-08,2025-07-09,0.706899216561374,1242751.789938598,242751.78993859794
ppo,ppo_16b5056c,4,"{""batch_size"": 64, ""ent_coef"": 0.005, ""gamma"": 0.99, ""learning_rate"": 0.0003, ""n_steps"": 1024}",12,2025-07-09,2025-07-10,2025-10-07,0.2692538623634064,1047863.0714156416,47863.07141564158
ppo,ppo_16b5056c,4,"{""batch_size"": 64, ""ent_coef"": 0.005, ""gamma"": 0.99, ""learning_rate"": 0.0003, ""n_steps"": 1024}",13,2025-10-07,2025-10-08,2026-01-07,0.2944570155860735,1083680.487201474,83680.48720147391
ppo,ppo_16b5056c,4,"{""batch_size"": 64, ""ent_coef"": 0.005, ""gamma"": 0.99, ""learning_rate"": 0.0003, ""n_steps"": 1024}",14,2026-01-07,2026-01-08,2026-04-09,-0.1860764955885292,949212.1288332548,-50787.8711667452
