trade_window,model,candidate_id,candidate,mean_validation_sharpe,std_validation_sharpe,robust_score,validation_days,folds,seed_runs
1,a2c,a2c_author_fallback,"{""candidate_id"": ""a2c_author_fallback"", ""kwargs"": {""gamma"": 0.99}, ""timesteps"": 30000, ""validation_days"": 63}",,,,63,0,0
1,ppo,ppo_author_fallback,"{""candidate_id"": ""ppo_author_fallback"", ""kwargs"": {""batch_size"": 64, ""ent_coef"": 0.005, ""gamma"": 0.99, ""n_steps"": 512}, ""timesteps"": 100000, ""validation_days"": 63}",,,,63,0,0
1,ddpg,ddpg_author_fallback,"{""candidate_id"": ""ddpg_author_fallback"", ""kwargs"": {""batch_size"": 64, ""buffer_size"": 10000, ""gamma"": 0.99, ""noise_sigma"": 0.5}, ""timesteps"": 10000, ""validation_days"": 63}",,,,63,0,0
2,a2c,a2c_aee7d73f,"{""candidate_id"": ""a2c_aee7d73f"", ""kwargs"": {""gamma"": 0.99}, ""timesteps"": 10000, ""validation_days"": 126}",0.11551179918883707,0.05903255165759664,0.08599552336003875,126,1,5
2,ppo,ppo_e4290e54,"{""candidate_id"": ""ppo_e4290e54"", ""kwargs"": {""batch_size"": 64, ""ent_coef"": 0.005, ""gamma"": 0.99, ""n_steps"": 512}, ""timesteps"": 100000, ""validation_days"": 126}",0.07114760731045136,0.04549246331183311,0.048401375654534805,126,1,5
2,ddpg,ddpg_cfec8cb3,"{""candidate_id"": ""ddpg_cfec8cb3"", ""kwargs"": {""batch_size"": 128, ""buffer_size"": 10000, ""gamma"": 0.99, ""noise_sigma"": 0.3}, ""timesteps"": 10000, ""validation_days"": 126}",0.09255448788240483,0.030249330390790086,0.07742982268700979,126,1,5
3,a2c,a2c_aee7d73f,"{""candidate_id"": ""a2c_aee7d73f"", ""kwargs"": {""gamma"": 0.99}, ""timesteps"": 10000, ""validation_days"": 126}",0.14521957358705737,0.056388563541664966,0.11702529181622488,126,2,10
3,ppo,ppo_e4290e54,"{""candidate_id"": ""ppo_e4290e54"", ""kwargs"": {""batch_size"": 64, ""ent_coef"": 0.005, ""gamma"": 0.99, ""n_steps"": 512}, ""timesteps"": 100000, ""validation_days"": 126}",0.1303673636458263,0.08156818328796817,0.08958327200184221,126,2,10
3,ddpg,ddpg_cfec8cb3,"{""candidate_id"": ""ddpg_cfec8cb3"", ""kwargs"": {""batch_size"": 128, ""buffer_size"": 10000, ""gamma"": 0.99, ""noise_sigma"": 0.3}, ""timesteps"": 10000, ""validation_days"": 126}",0.1380744731895486,0.05705450830978406,0.10954721903465657,126,2,10
4,a2c,a2c_aee7d73f,"{""candidate_id"": ""a2c_aee7d73f"", ""kwargs"": {""gamma"": 0.99}, ""timesteps"": 10000, ""validation_days"": 126}",0.14689947476043563,0.08089693574398754,0.10645100688844186,126,3,15
4,ppo,ppo_e4290e54,"{""candidate_id"": ""ppo_e4290e54"", ""kwargs"": {""batch_size"": 64, ""ent_coef"": 0.005, ""gamma"": 0.99, ""n_steps"": 512}, ""timesteps"": 100000, ""validation_days"": 126}",0.10702073057875504,0.08447951699340578,0.06478097208205215,126,3,15
4,ddpg,ddpg_cfec8cb3,"{""candidate_id"": ""ddpg_cfec8cb3"", ""kwargs"": {""batch_size"": 128, ""buffer_size"": 10000, ""gamma"": 0.99, ""noise_sigma"": 0.3}, ""timesteps"": 10000, ""validation_days"": 126}",0.12978041104339888,0.05861720741994771,0.10047180733342502,126,3,15
5,a2c,a2c_09f4a573,"{""candidate_id"": ""a2c_09f4a573"", ""kwargs"": {""gamma"": 0.99}, ""timesteps"": 30000, ""validation_days"": 126}",0.07834702592060815,0.11093141225835138,0.02288131979143246,126,3,15
5,ppo,ppo_020fdc27,"{""candidate_id"": ""ppo_020fdc27"", ""kwargs"": {""batch_size"": 64, ""ent_coef"": 0.005, ""gamma"": 0.99, ""n_steps"": 512}, ""timesteps"": 50000, ""validation_days"": 126}",0.05373182789502419,0.08374079578554249,0.011861430002252947,126,3,15
5,ddpg,ddpg_db4c7149,"{""candidate_id"": ""ddpg_db4c7149"", ""kwargs"": {""batch_size"": 64, ""buffer_size"": 10000, ""gamma"": 0.99, ""noise_sigma"": 0.5}, ""timesteps"": 10000, ""validation_days"": 126}",0.10473138678490268,0.0700636583395908,0.06969955761510728,126,3,15
6,a2c,a2c_aee7d73f,"{""candidate_id"": ""a2c_aee7d73f"", ""kwargs"": {""gamma"": 0.99}, ""timesteps"": 10000, ""validation_days"": 126}",0.10187114583216535,0.14993954435465906,0.026901373654835817,126,3,15
6,ppo,ppo_020fdc27,"{""candidate_id"": ""ppo_020fdc27"", ""kwargs"": {""batch_size"": 64, ""ent_coef"": 0.005, ""gamma"": 0.99, ""n_steps"": 512}, ""timesteps"": 50000, ""validation_days"": 126}",0.08225863286657858,0.11573865190653512,0.024389306913311024,126,3,15
6,ddpg,ddpg_db4c7149,"{""candidate_id"": ""ddpg_db4c7149"", ""kwargs"": {""batch_size"": 64, ""buffer_size"": 10000, ""gamma"": 0.99, ""noise_sigma"": 0.5}, ""timesteps"": 10000, ""validation_days"": 126}",0.1459019624907225,0.11574603077837464,0.08802894710153517,126,3,15
7,a2c,a2c_09f4a573,"{""candidate_id"": ""a2c_09f4a573"", ""kwargs"": {""gamma"": 0.99}, ""timesteps"": 30000, ""validation_days"": 126}",0.19168615512325615,0.20086426603765356,0.09125402210442937,126,3,15
7,ppo,ppo_020fdc27,"{""candidate_id"": ""ppo_020fdc27"", ""kwargs"": {""batch_size"": 64, ""ent_coef"": 0.005, ""gamma"": 0.99, ""n_steps"": 512}, ""timesteps"": 50000, ""validation_days"": 126}",0.19076748741752284,0.21641870873959204,0.08255813304772681,126,3,15
7,ddpg,ddpg_db4c7149,"{""candidate_id"": ""ddpg_db4c7149"", ""kwargs"": {""batch_size"": 64, ""buffer_size"": 10000, ""gamma"": 0.99, ""noise_sigma"": 0.5}, ""timesteps"": 10000, ""validation_days"": 126}",0.24017084921255474,0.17472163960031922,0.15281002941239513,126,3,15
8,a2c,a2c_aee7d73f,"{""candidate_id"": ""a2c_aee7d73f"", ""kwargs"": {""gamma"": 0.99}, ""timesteps"": 10000, ""validation_days"": 126}",0.28918582403924,0.12582898288333408,0.22627133259757293,126,3,15
8,ppo,ppo_020fdc27,"{""candidate_id"": ""ppo_020fdc27"", ""kwargs"": {""batch_size"": 64, ""ent_coef"": 0.005, ""gamma"": 0.99, ""n_steps"": 512}, ""timesteps"": 50000, ""validation_days"": 126}",0.2516726441114965,0.17006062166937944,0.16664233327680678,126,3,15
8,ddpg,ddpg_db4c7149,"{""candidate_id"": ""ddpg_db4c7149"", ""kwargs"": {""batch_size"": 64, ""buffer_size"": 10000, ""gamma"": 0.99, ""noise_sigma"": 0.5}, ""timesteps"": 10000, ""validation_days"": 126}",0.3085755651617325,0.09778126940244636,0.25968493046050933,126,3,15
9,a2c,a2c_aee7d73f,"{""candidate_id"": ""a2c_aee7d73f"", ""kwargs"": {""gamma"": 0.99}, ""timesteps"": 10000, ""validation_days"": 126}",0.2910485475581256,0.11658948225909273,0.23275380642857924,126,3,15
9,ppo,ppo_e4290e54,"{""candidate_id"": ""ppo_e4290e54"", ""kwargs"": {""batch_size"": 64, ""ent_coef"": 0.005, ""gamma"": 0.99, ""n_steps"": 512}, ""timesteps"": 100000, ""validation_days"": 126}",0.20586785066105445,0.1439499950778685,0.1338928531221202,126,3,15
9,ddpg,ddpg_db4c7149,"{""candidate_id"": ""ddpg_db4c7149"", ""kwargs"": {""batch_size"": 64, ""buffer_size"": 10000, ""gamma"": 0.99, ""noise_sigma"": 0.5}, ""timesteps"": 10000, ""validation_days"": 126}",0.2861100193518101,0.10672940405607005,0.23274531732377504,126,3,15
10,a2c,a2c_aee7d73f,"{""candidate_id"": ""a2c_aee7d73f"", ""kwargs"": {""gamma"": 0.99}, ""timesteps"": 10000, ""validation_days"": 126}",0.2214367942343146,0.07848991309626288,0.18219183768618313,126,3,15
10,ppo,ppo_020fdc27,"{""candidate_id"": ""ppo_020fdc27"", ""kwargs"": {""batch_size"": 64, ""ent_coef"": 0.005, ""gamma"": 0.99, ""n_steps"": 512}, ""timesteps"": 50000, ""validation_days"": 126}",0.16118265357278708,0.07036515169438638,0.12600007772559388,126,3,15
10,ddpg,ddpg_db4c7149,"{""candidate_id"": ""ddpg_db4c7149"", ""kwargs"": {""batch_size"": 64, ""buffer_size"": 10000, ""gamma"": 0.99, ""noise_sigma"": 0.5}, ""timesteps"": 10000, ""validation_days"": 126}",0.20838681213754198,0.041490738928975396,0.18764144267305427,126,3,15
11,a2c,a2c_aee7d73f,"{""candidate_id"": ""a2c_aee7d73f"", ""kwargs"": {""gamma"": 0.99}, ""timesteps"": 10000, ""validation_days"": 126}",0.10652272666311298,0.15184707814352247,0.030599187591351745,126,3,15
11,ppo,ppo_020fdc27,"{""candidate_id"": ""ppo_020fdc27"", ""kwargs"": {""batch_size"": 64, ""ent_coef"": 0.005, ""gamma"": 0.99, ""n_steps"": 512}, ""timesteps"": 50000, ""validation_days"": 126}",0.06879023358174227,0.15012014145451766,-0.0062698371455165575,126,3,15
11,ddpg,ddpg_db4c7149,"{""candidate_id"": ""ddpg_db4c7149"", ""kwargs"": {""batch_size"": 64, ""buffer_size"": 10000, ""gamma"": 0.99, ""noise_sigma"": 0.5}, ""timesteps"": 10000, ""validation_days"": 126}",0.09602456269099721,0.15394509786164373,0.019052013760175346,126,3,15
12,a2c,a2c_aee7d73f,"{""candidate_id"": ""a2c_aee7d73f"", ""kwargs"": {""gamma"": 0.99}, ""timesteps"": 10000, ""validation_days"": 126}",0.07069990369812681,0.13347576354742904,0.003962021924412293,126,3,15
12,ppo,ppo_020fdc27,"{""candidate_id"": ""ppo_020fdc27"", ""kwargs"": {""batch_size"": 64, ""ent_coef"": 0.005, ""gamma"": 0.99, ""n_steps"": 512}, ""timesteps"": 50000, ""validation_days"": 126}",0.048274431937663106,0.14697682120128275,-0.025213978662978268,126,3,15
12,ddpg,ddpg_db4c7149,"{""candidate_id"": ""ddpg_db4c7149"", ""kwargs"": {""batch_size"": 64, ""buffer_size"": 10000, ""gamma"": 0.99, ""noise_sigma"": 0.5}, ""timesteps"": 10000, ""validation_days"": 126}",0.04186305737505734,0.12997529874159217,-0.02312459199573874,126,3,15
13,a2c,a2c_aee7d73f,"{""candidate_id"": ""a2c_aee7d73f"", ""kwargs"": {""gamma"": 0.99}, ""timesteps"": 10000, ""validation_days"": 126}",0.1066482857139723,0.1912529426430699,0.011021814392437337,126,3,15
13,ppo,ppo_020fdc27,"{""candidate_id"": ""ppo_020fdc27"", ""kwargs"": {""batch_size"": 64, ""ent_coef"": 0.005, ""gamma"": 0.99, ""n_steps"": 512}, ""timesteps"": 50000, ""validation_days"": 126}",0.05007031252336655,0.156570538647132,-0.028214956800199448,126,3,15
13,ddpg,ddpg_db4c7149,"{""candidate_id"": ""ddpg_db4c7149"", ""kwargs"": {""batch_size"": 64, ""buffer_size"": 10000, ""gamma"": 0.99, ""noise_sigma"": 0.5}, ""timesteps"": 10000, ""validation_days"": 126}",0.07272627249212273,0.17386055407807,-0.014204004546912272,126,3,15
14,a2c,a2c_aee7d73f,"{""candidate_id"": ""a2c_aee7d73f"", ""kwargs"": {""gamma"": 0.99}, ""timesteps"": 10000, ""validation_days"": 126}",0.20653332241409203,0.13780994393382617,0.13762835044717894,126,3,15
14,ppo,ppo_e4290e54,"{""candidate_id"": ""ppo_e4290e54"", ""kwargs"": {""batch_size"": 64, ""ent_coef"": 0.005, ""gamma"": 0.99, ""n_steps"": 512}, ""timesteps"": 100000, ""validation_days"": 126}",0.15928572192588777,0.11578939410433865,0.10139102487371845,126,3,15
14,ddpg,ddpg_cfec8cb3,"{""candidate_id"": ""ddpg_cfec8cb3"", ""kwargs"": {""batch_size"": 128, ""buffer_size"": 10000, ""gamma"": 0.99, ""noise_sigma"": 0.3}, ""timesteps"": 10000, ""validation_days"": 126}",0.19567057308691604,0.1117751210681288,0.13978301255285164,126,3,15
