date,portfolio_value,reward,unscaled_reward,cash,transaction_costs,trades,turbulence,risk_off,strategy
2023-01-04,999484.9588244437,-0.05150411755562527,-515.0411755562527,719185.374244976,280.53409166336064,18,48.617618480310206,False,DDPG
2023-01-05,988577.4202033042,-1.0907538621139596,-10907.538621139596,438605.49008092866,560.8336762428283,36,75.76188417571507,False,DDPG
2023-01-06,1005140.4683912275,1.6563048187923386,16563.048187923385,163344.5390546797,835.8196413040162,54,36.88287126590971,False,DDPG
2023-01-09,1004586.1238313424,-0.05543445598850958,-554.3445598850958,0.0,999.000999000999,64,27.665622415606787,False,DDPG
2023-01-10,1007667.7109215059,0.3081587090163492,3081.5870901634917,0.0,999.000999000999,64,32.68206897992657,False,DDPG
2023-01-11,1019555.3440541361,1.1887633132630144,11887.633132630144,0.0,999.000999000999,64,12.194550716494993,False,DDPG
2023-01-12,1024829.837496751,0.5274493442614913,5274.493442614912,0.0,999.000999000999,64,31.517460622940924,False,DDPG
2023-01-13,1027334.8361173773,0.2504998620626284,2504.9986206262843,0.0,999.000999000999,64,18.95959843909522,False,DDPG
2023-01-17,1022310.8136666979,-0.5024022450679332,-5024.022450679332,0.0,999.000999000999,64,16.752907774513883,False,DDPG
2023-01-18,1001117.301126017,-2.119351254068094,-21193.51254068094,0.0,999.000999000999,64,93.66725005285348,False,DDPG
2023-01-19,993800.4836489633,-0.731681747705373,-7316.81747705373,0.0,999.000999000999,64,29.96924214535943,False,DDPG
2023-01-20,1011614.9068252924,1.7814423176329117,17814.423176329117,0.0,999.000999000999,64,36.12941970797391,False,DDPG
2023-01-23,1018260.4947970256,0.6645587971733184,6645.5879717331845,0.0,999.000999000999,64,41.29164800434987,False,DDPG
2023-01-24,1021557.0884631022,0.32965936660766604,3296.59366607666,0.0,999.000999000999,64,24.267918218779265,False,DDPG
2023-01-25,1023394.0490024711,0.18369605393689126,1836.9605393689126,0.0,999.000999000999,64,70.90109706442583,False,DDPG
2023-01-26,1020336.2035030401,-0.3057845499431016,-3057.845499431016,0.0,999.000999000999,64,15.23518020865826,False,DDPG
2023-01-27,1024758.4437347092,0.44222402316690423,4422.240231669042,0.0,999.000999000999,64,78.08712783463974,False,DDPG
2023-01-30,1018247.1316399588,-0.6511312094750349,-6511.3120947503485,0.0,999.000999000999,64,111.89017051287912,False,DDPG
2023-01-31,1032315.4467741426,1.4068315134183738,14068.315134183737,0.0,999.000999000999,64,63.07367884174347,False,DDPG
2023-02-01,1036564.9159855254,0.42494692113827914,4249.469211382791,0.0,999.000999000999,64,33.734816310882906,False,DDPG
2023-02-02,1035586.9444121511,-0.09779715733742342,-977.9715733742341,0.0,999.000999000999,64,26.401697821252355,False,DDPG
2023-02-03,1026444.0654397001,-0.9142878972450971,-9142.87897245097,0.0,999.000999000999,64,77.42937474874395,False,DDPG
2023-02-06,1025329.7916335454,-0.1114273806154728,-1114.273806154728,0.0,999.000999000999,64,56.11819515246941,False,DDPG
2023-02-07,1031195.0865752822,0.5865294941736735,5865.2949417367345,0.0,999.000999000999,64,16.689097054582486,False,DDPG
2023-02-08,1026490.7547098501,-0.47043318654320904,-4704.33186543209,0.0,999.000999000999,64,35.21474062374773,False,DDPG
2023-02-09,1021880.2294921592,-0.46105252176908545,-4610.525217690854,0.0,999.000999000999,64,22.908968136690973,False,DDPG
2023-02-10,1023802.9037614834,0.19226742693241686,1922.6742693241686,0.0,999.000999000999,64,18.04913138754658,False,DDPG
2023-02-13,1036007.8013947152,1.2204897633231828,12204.897633231827,0.0,999.000999000999,64,16.313795799879674,False,DDPG
2023-02-14,1033072.8485253602,-0.29349528693549803,-2934.95286935498,0.0,999.000999000999,64,9.036396525600187,False,DDPG
2023-02-15,1033282.806620239,0.020995809487882072,209.9580948788207,0.0,999.000999000999,64,20.557400149016424,False,DDPG
2023-02-16,1018161.7027559988,-1.5121103864240228,-15121.103864240227,0.0,999.000999000999,64,17.834731917629504,False,DDPG
2023-02-17,1025450.5001297162,0.7288797373717418,7288.797373717418,0.0,999.000999000999,64,44.30944026337915,False,DDPG
2023-02-21,1006694.2060701848,-1.8756294059531415,-18756.294059531414,0.0,999.000999000999,64,18.711727424089204,False,DDPG
2023-02-22,1004698.4630251479,-0.1995743045036914,-1995.7430450369138,0.0,999.000999000999,64,32.79577922415548,False,DDPG
2023-02-23,1008942.2878673195,0.42438248421716274,4243.824842171627,0.0,999.000999000999,64,9.263636067054271,False,DDPG
2023-02-24,996931.6484595193,-1.2010639407800279,-12010.639407800278,0.0,999.000999000999,64,54.28339232253821,False,DDPG
2023-02-27,998335.612284814,0.1403963825294748,1403.963825294748,0.0,999.000999000999,64,14.233045927985344,False,DDPG
2023-02-28,992539.997280698,-0.5795615004115972,-5795.615004115971,0.0,999.000999000999,64,4.5887735855771,False,DDPG
2023-03-01,991624.9631199616,-0.09150341607364826,-915.0341607364826,0.0,999.000999000999,64,38.81900733446325,False,DDPG
2023-03-02,1005622.1333338504,1.3997170213888865,13997.170213888865,0.0,999.000999000999,64,36.74991290203244,False,DDPG
2023-03-03,1015813.0448295344,1.0190911495683947,10190.911495683948,0.0,999.000999000999,64,53.7611377002007,False,DDPG
2023-03-06,1016129.8226744852,0.03167778449507896,316.7778449507896,0.0,999.000999000999,64,15.9362057001613,False,DDPG
2023-03-07,1002798.6578165819,-1.3331164857903264,-13331.164857903263,0.0,999.000999000999,64,31.885617154918307,False,DDPG
2023-03-08,999481.828426902,-0.33168293896799445,-3316.829389679944,0.0,999.000999000999,64,19.950066892968735,False,DDPG
2023-03-09,983939.1226761973,-1.5542705750704626,-15542.705750704625,0.0,999.000999000999,64,15.800387192936997,False,DDPG
2023-03-10,975515.7005770947,-0.8423422099102638,-8423.422099102638,0.0,999.000999000999,64,22.22479849723993,False,DDPG
2023-03-13,977191.500714834,0.16758001377392795,1675.8001377392793,0.0,999.000999000999,64,87.73452334074322,False,DDPG
2023-03-14,990174.069218365,1.2982568503531047,12982.568503531045,0.0,999.000999000999,64,46.45314379454592,False,DDPG
2023-03-15,988128.9715578991,-0.20450976604658647,-2045.0976604658645,0.0,999.000999000999,64,25.895660316711407,False,DDPG
2023-03-16,1003371.6669593612,1.5242695401462028,15242.695401462026,0.0,999.000999000999,64,38.78757752703601,False,DDPG
2023-03-17,991658.441159918,-1.17132257994432,-11713.2257994432,0.0,999.000999000999,64,31.9670684006825,False,DDPG
2023-03-20,1001204.8896047266,0.9546448444808601,9546.4484448086,0.0,999.000999000999,64,37.117017558330694,False,DDPG
2023-03-21,1011062.1722432764,0.9857282638549805,9857.282638549805,0.0,999.000999000999,64,24.35202688315801,False,DDPG
2023-03-22,994051.043818163,-1.701112842511339,-17011.12842511339,0.0,999.000999000999,64,17.21119963677687,False,DDPG
2023-03-23,994990.2452950033,0.09392014768403024,939.2014768403023,0.0,999.000999000999,64,25.42086769428804,False,DDPG
2023-03-24,1001410.6985628663,0.6420453267863021,6420.45326786302,0.0,999.000999000999,64,12.071049584012464,False,DDPG
2023-03-27,1008546.3735494881,0.713567498662183,7135.674986621831,0.0,999.000999000999,64,17.83760129815166,False,DDPG
2023-03-28,1002282.2183123732,-0.6264155237114989,-6264.155237114988,0.0,999.000999000999,64,29.029804825258452,False,DDPG
2023-03-29,1011786.812968541,0.9504594656167902,9504.594656167901,0.0,999.000999000999,64,14.354279050407431,False,DDPG
2023-03-30,1015881.3224082021,0.40945094396610515,4094.509439661051,0.0,999.000999000999,64,16.642893045529586,False,DDPG
2023-03-31,1028891.8819938665,1.3010559585664423,13010.559585664423,0.0,999.000999000999,64,7.329526925423664,False,DDPG
2023-04-03,1038921.8951868617,1.003001319299522,10030.013192995219,0.0,999.000999000999,64,10.369364957815671,False,DDPG
2023-04-05,1044539.224452022,0.6667727998803137,6667.727998803137,0.0,0.0,0,31.85725961097818,False,DDPG
2023-04-06,1046499.7209762005,0.19604965241785394,1960.4965241785392,0.0,0.0,0,47.45134964624789,False,DDPG
2023-04-10,1048489.9322068524,0.1990211230651825,1990.2112306518247,0.0,0.0,0,14.334257866130176,False,DDPG
2023-04-11,1048086.193188194,-0.04037390186584089,-403.7390186584089,0.0,0.0,0,14.29517542153832,False,DDPG
2023-04-12,1045305.3352348679,-0.2780857953326078,-2780.8579533260777,0.0,0.0,0,13.191583384634294,False,DDPG
2023-04-13,1060139.5458026465,1.4834210567778676,14834.210567778675,0.0,0.0,0,12.411661098636529,False,DDPG
2023-04-14,1055479.370460067,-0.46601753425796055,-4660.175342579605,0.0,0.0,0,18.18046215691819,False,DDPG
2023-04-17,1057433.4422913594,0.1954071831292473,1954.0718312924728,0.0,0.0,0,103.21866559950114,False,DDPG
2023-04-18,1056225.8943917328,-0.12075478996266611,-1207.547899626661,0.0,0.0,0,11.647575222331923,False,DDPG
2023-04-19,1050378.9910145202,-0.5846903377212584,-5846.903377212584,0.0,0.0,0,31.520587608884487,False,DDPG
2023-04-20,1046600.9680255654,-0.37780229889547917,-3778.0229889547913,0.0,0.0,0,90.915452011048,False,DDPG
2023-04-21,1048104.0295959472,0.15030615703818623,1503.061570381862,0.0,0.0,0,26.392467430588724,False,DDPG
2023-04-24,1048576.082860724,0.047205326477682684,472.05326477682684,0.0,0.0,0,34.31180965645834,False,DDPG
2023-04-25,1039922.8558586988,-0.8653227002025233,-8653.227002025233,0.0,0.0,0,12.414434291928682,False,DDPG
2023-04-26,1034043.2830140047,-0.5879572844694136,-5879.572844694136,0.0,0.0,0,10.07539953673458,False,DDPG
2023-04-27,1053841.0094098828,1.9797726395878126,19797.726395878126,0.0,0.0,0,70.73849520908938,False,DDPG
2023-04-28,1060229.331113349,0.6388321703466121,6388.321703466121,0.0,0.0,0,52.820813725753624,False,DDPG
2023-05-01,1058619.6847653585,-0.16096463479904924,-1609.6463479904924,0.0,0.0,0,24.046398751102167,False,DDPG
2023-05-02,1051454.683883417,-0.7165000881941523,-7165.000881941523,0.0,0.0,0,21.9616854377101,False,DDPG
2023-05-03,1043436.6331414251,-0.8018050741991843,-8018.050741991843,0.0,0.0,0,34.42139533414799,False,DDPG
2023-05-04,1036421.8596721132,-0.7014773469311884,-7014.773469311883,0.0,0.0,0,20.006544962165137,False,DDPG
2023-05-05,1052637.751632939,1.6215891960825888,16215.891960825888,0.0,0.0,0,19.34308597034587,False,DDPG
2023-05-08,1052045.4292882746,-0.05923223446644843,-592.3223446644843,0.0,0.0,0,14.340484196436805,False,DDPG
2023-05-09,1049674.094964595,-0.23713343236795628,-2371.3343236795627,0.0,0.0,0,7.605496569012365,False,DDPG
2023-05-10,1052408.3022033104,0.2734207238715375,2734.207238715375,0.0,0.0,0,15.29512347760191,False,DDPG
2023-05-11,1044724.6503005605,-0.7683651902749902,-7683.651902749902,0.0,0.0,0,17.742412631171188,False,DDPG
2023-05-12,1042635.9191281386,-0.20887311724219473,-2088.731172421947,0.0,0.0,0,50.072378469578,False,DDPG
2023-05-15,1043299.7064929362,0.06637873647976666,663.7873647976667,0.0,0.0,0,11.436224070586023,False,DDPG
2023-05-16,1035104.4004990421,-0.8195305993894115,-8195.305993894115,0.0,0.0,0,8.038729035274624,False,DDPG
2023-05-17,1048185.7961530207,1.3081395653978574,13081.395653978572,0.0,0.0,0,17.65757511927638,False,DDPG
2023-05-18,1055134.9498224813,0.694915366946056,6949.15366946056,0.0,0.0,0,18.91829957640753,False,DDPG
2023-05-19,1051626.582319359,-0.3508367503122194,-3508.3675031221937,0.0,0.0,0,14.83379418760848,False,DDPG
2023-05-22,1048610.8561664263,-0.3015726152932737,-3015.726152932737,0.0,0.0,0,13.984044301734905,False,DDPG
2023-05-23,1039214.4647108121,-0.9396391455614241,-9396.39145561424,0.0,0.0,0,38.871016024212295,False,DDPG
2023-05-24,1036845.408359146,-0.2369056351666106,-2369.056351666106,0.0,0.0,0,29.310775061466835,False,DDPG
2023-05-25,1038157.8505493122,0.13124421901662137,1312.4421901662135,0.0,0.0,0,18.11343797357665,False,DDPG
2023-05-26,1051191.0803352045,1.3033229785892297,13033.229785892298,0.0,0.0,0,137.4635388604851,False,DDPG
2023-05-30,1052185.2175946336,0.09941372594290879,994.1372594290879,0.0,0.0,0,21.34586136312895,False,DDPG
2023-05-31,1053598.5171165834,0.14132995219498407,1413.2995219498405,0.0,0.0,0,20.33284934764629,False,DDPG
2023-06-01,1059607.5786057068,0.6009061489123386,6009.061489123386,0.0,0.0,0,27.303746522810496,False,DDPG
2023-06-02,1077153.5170131815,1.7545938407474664,17545.938407474663,0.0,0.0,0,59.376416237883305,False,DDPG
2023-06-05,1074719.1783086043,-0.24343387045771817,-2434.3387045771815,0.0,0.0,0,89.29611177326537,False,DDPG
2023-06-06,1071601.686625598,-0.31174916830062865,-3117.491683006286,0.0,0.0,0,22.775727156282557,False,DDPG
2023-06-07,1062367.3470293218,-0.9234339596276172,-9234.339596276172,0.0,0.0,0,21.22926632896889,False,DDPG
2023-06-08,1071527.6638690752,0.9160316839753417,9160.316839753417,0.0,0.0,0,37.19742154955682,False,DDPG
2023-06-09,1074290.776454665,0.27631125855897554,2763.1125855897553,0.0,0.0,0,19.944281741027616,False,DDPG
2023-06-12,1080027.0313240765,0.5736254869411467,5736.254869411467,0.0,0.0,0,6.826302995391488,False,DDPG
2023-06-13,1084043.9073836715,0.401687605959503,4016.87605959503,0.0,0.0,0,12.950266150467291,False,DDPG
2023-06-14,1073979.110178691,-1.0064797204980394,-10064.797204980394,0.0,0.0,0,21.186033068594497,False,DDPG
2023-06-15,1088945.6641557347,1.4966553977043602,14966.5539770436,0.0,0.0,0,57.25726498251986,False,DDPG
2023-06-16,1082627.9611652389,-0.6317702990495833,-6317.702990495833,0.0,0.0,0,20.08400604397453,False,DDPG
2023-06-20,1083111.5935743526,0.04836324091136921,483.63240911369206,0.0,0.0,0,14.07037005201848,False,DDPG
2023-06-21,1079314.7604444835,-0.37968331298690755,-3796.8331298690755,0.0,0.0,0,31.7499174885977,False,DDPG
2023-06-22,1085201.1502850815,0.5886389840597985,5886.389840597985,0.0,0.0,0,18.239266518247906,False,DDPG
2023-06-23,1078054.4338983495,-0.7146716386731947,-7146.716386731947,0.0,0.0,0,22.772821451920315,False,DDPG
2023-06-26,1076605.1888592872,-0.14492450390623418,-1449.2450390623417,0.0,0.0,0,13.272192292665302,False,DDPG
2023-06-27,1085234.1775429607,0.8628988683673554,8628.988683673553,0.0,0.0,0,30.37611912458479,False,DDPG
2023-06-28,1082252.5137550964,-0.29816637878643815,-2981.6637878643814,0.0,0.0,0,16.545761867174,False,DDPG
2023-06-29,1089638.4587495863,0.7385944994489896,7385.944994489895,0.0,0.0,0,22.17372352011019,False,DDPG
2023-06-30,1099776.7032021347,1.0138244452548446,10138.244452548446,0.0,0.0,0,30.843216227612437,False,DDPG
2023-07-03,1097623.4758699886,-0.21532273321461398,-2153.22733214614,0.0,0.0,0,23.440498872899305,False,DDPG
2023-07-05,1093034.0637495606,-0.45894121204279364,-4589.412120427936,0.0,0.0,0,20.41263934323746,False,DDPG
2023-07-07,1074348.9714948325,-0.8882557902448346,-8882.557902448345,0.0,0.0,0,18.284962752591483,False,DDPG
2023-07-10,1079757.3612838963,0.5408389789063717,5408.389789063716,0.0,0.0,0,16.819336552972377,False,DDPG
2023-07-11,1088835.5644742367,0.9078203190340428,9078.203190340428,0.0,0.0,0,39.928709686498735,False,DDPG
2023-07-12,1089950.9669228955,0.11154024486588315,1115.4024486588314,0.0,0.0,0,28.796278214780397,False,DDPG
2023-07-13,1096084.2690555153,0.6133302132619778,6133.302132619778,0.0,0.0,0,28.291521078629387,False,DDPG
2023-07-14,1107365.109038983,1.1280839983467712,11280.839983467711,0.0,0.0,0,21.379444121698253,False,DDPG
2023-07-17,1109866.8120185342,0.25017029795511625,2501.7029795511626,0.0,0.0,0,70.4336587758952,False,DDPG
2023-07-18,1121919.2205478114,1.2052408529277192,12052.40852927719,0.0,0.0,0,66.08056427730558,False,DDPG
2023-07-19,1126561.5997229796,0.464237917516823,4642.379175168229,0.0,0.0,0,69.49148404269322,False,DDPG
2023-07-20,1125598.619534024,-0.0962980188955553,-962.9801889555529,0.0,0.0,0,40.87635352939338,False,DDPG
2023-07-21,1125620.946950439,0.002232741641486064,22.327416414860636,0.0,0.0,0,99.37802983621256,False,DDPG
2023-07-24,1125430.3438859875,-0.019060306445136666,-190.60306445136666,0.0,0.0,0,25.02556343636952,False,DDPG
2023-07-25,1130145.5638833526,0.4715219997365028,4715.219997365028,0.0,0.0,0,19.34062934044882,False,DDPG
2023-07-26,1127227.1204414757,-0.2918443441876909,-2918.4434418769088,0.0,0.0,0,41.71767192960108,False,DDPG
2023-07-27,1117126.7716980954,-1.010034874338028,-10100.34874338028,0.0,0.0,0,66.4631599421354,False,DDPG
2023-07-28,1122984.5538927186,0.5857782194623258,5857.782194623257,0.0,0.0,0,99.81560257193722,False,DDPG
2023-07-31,1122272.3108019237,-0.07122430907948875,-712.2430907948874,0.0,0.0,0,33.963074983066775,False,DDPG
2023-08-01,1120508.7348389481,-0.17635759629756212,-1763.575962975621,0.0,0.0,0,45.00995203224541,False,DDPG
2023-08-02,1109889.4425515847,-1.0619292287363438,-10619.292287363438,0.0,0.0,0,87.2272001743069,False,DDPG
2023-08-03,1106590.2960695757,-0.3299146482008975,-3299.146482008975,0.0,0.0,0,12.763965384257247,False,DDPG
2023-08-04,1110630.0160760465,0.40397200064708016,4039.7200064708013,0.0,0.0,0,17.739431530096287,False,DDPG
2023-08-07,1124699.2581019925,1.4069242025946034,14069.242025946032,0.0,0.0,0,112.73528086120672,False,DDPG
2023-08-08,1118689.346175759,-0.6009911926233443,-6009.911926233443,0.0,0.0,0,25.973831624719097,False,DDPG
2023-08-09,1109302.4836717672,-0.9386862503991928,-9386.862503991928,0.0,0.0,0,26.609585590374515,False,DDPG
2023-08-10,1113721.2646899342,0.44187810181670356,4418.781018167036,0.0,0.0,0,13.267746707060992,False,DDPG
2023-08-11,1116822.0268889535,0.31007621990193146,3100.7621990193143,0.0,0.0,0,15.87150685434541,False,DDPG
2023-08-14,1122196.4268709654,0.5374399982011877,5374.399982011877,0.0,0.0,0,16.57448498428913,False,DDPG
2023-08-15,1113358.292919679,-0.883813395128632,-8838.13395128632,0.0,0.0,0,17.189451046153994,False,DDPG
2023-08-16,1105979.2568154815,-0.7379036104197614,-7379.036104197614,0.0,0.0,0,16.947347930636916,False,DDPG
2023-08-17,1097156.2308650855,-0.8823025950395968,-8823.025950395968,0.0,0.0,0,10.983072747996989,False,DDPG
2023-08-18,1099197.646995606,0.20414161305204034,2041.4161305204034,0.0,0.0,0,41.269363563091794,False,DDPG
2023-08-21,1101740.4733228227,0.25428263272168117,2542.8263272168115,0.0,0.0,0,8.657406305720876,False,DDPG
2023-08-22,1093820.6658271025,-0.7919807495720219,-7919.807495720219,0.0,0.0,0,29.9445122960267,False,DDPG
2023-08-23,1098547.7099526825,0.4727044125579996,4727.044125579996,0.0,0.0,0,17.493834565763436,False,DDPG
2023-08-24,1088338.7273286283,-1.0208982624054188,-10208.982624054188,0.0,0.0,0,39.05971214915394,False,DDPG
2023-08-25,1093350.8480019658,0.5012120673337486,5012.120673337486,0.0,0.0,0,26.32973605574694,False,DDPG
2023-08-28,1096954.2425074512,0.36033945054854266,3603.3945054854266,0.0,0.0,0,17.753221609274625,False,DDPG
2023-08-29,1105350.30919002,0.8396066682568751,8396.066682568751,0.0,0.0,0,21.149530592024732,False,DDPG
2023-08-30,1105558.2264307141,0.020791724069416526,207.91724069416526,0.0,0.0,0,24.058076102598243,False,DDPG
2023-08-31,1100114.9536761877,-0.5443272754526465,-5443.272754526464,0.0,0.0,0,7.785007377139129,False,DDPG
2023-09-01,1102002.2335153287,0.18872798391410617,1887.2798391410615,0.0,0.0,0,27.44391580900107,False,DDPG
2023-09-05,1097552.1613382779,-0.44500721770508683,-4450.072177050868,0.0,0.0,0,18.172481802708212,False,DDPG
2023-09-06,1090523.5351878088,-0.7028626150469063,-7028.626150469063,0.0,0.0,0,23.5354877821244,False,DDPG
2023-09-07,1095741.587944537,0.5218052756728139,5218.052756728139,0.0,0.0,0,29.189886627723546,False,DDPG
2023-09-08,1100040.970909818,0.42993829652811405,4299.38296528114,0.0,0.0,0,29.70033640782463,False,DDPG
2023-09-11,1106418.3771741895,0.6377406264371471,6377.406264371471,0.0,0.0,0,16.314158546387564,False,DDPG
2023-09-12,1101991.3423320972,-0.4427034842092311,-4427.034842092311,0.0,0.0,0,19.261185804258513,False,DDPG
2023-09-13,1103967.6443840456,0.19763020519483834,1976.3020519483832,0.0,0.0,0,26.98688556420595,False,DDPG
2023-09-14,1112146.8047552262,0.8179160371180624,8179.160371180624,0.0,0.0,0,48.912792369501304,False,DDPG
2023-09-15,1100995.5004722662,-1.1151304282960017,-11151.304282960016,0.0,0.0,0,33.65816024102276,False,DDPG
2023-09-18,1099088.245866773,-0.19072546054932754,-1907.2546054932752,0.0,0.0,0,29.10435668037668,False,DDPG
2023-09-19,1095994.6930952966,-0.30935527714763306,-3093.5527714763302,0.0,0.0,0,22.537390784762817,False,DDPG
2023-09-20,1096892.7793487855,0.08980862534889021,898.0862534889021,0.0,0.0,0,12.813082007623391,False,DDPG
2023-09-21,1085520.7790834624,-1.1372000265323092,-11372.000265323091,0.0,0.0,0,28.420462529129736,False,DDPG
2023-09-22,1082833.3779753782,-0.26874011080842464,-2687.401108084246,0.0,0.0,0,35.330990649237705,False,DDPG
2023-09-25,1085520.9785083313,0.2687600532953162,2687.600532953162,0.0,0.0,0,11.476006215898304,False,DDPG
2023-09-26,1072150.6898072665,-1.3370288701064885,-13370.288701064885,0.0,0.0,0,15.794606805312068,False,DDPG
2023-09-27,1067921.071902797,-0.4229617904469371,-4229.617904469371,0.0,0.0,0,17.763130861009607,False,DDPG
2023-09-28,1074374.2645756968,0.6453192672899691,6453.192672899691,0.0,0.0,0,14.000315029081284,False,DDPG
2023-09-29,1070392.4979732137,-0.3981766602483113,-3981.7666024831124,0.0,0.0,0,24.0242126552382,False,DDPG
2023-10-02,1073480.4036398546,0.308790566664096,3087.9056666409597,0.0,0.0,0,35.288262499035255,False,DDPG
2023-10-03,1057541.953828116,-1.5938449811738684,-15938.449811738683,0.0,0.0,0,32.91411815932344,False,DDPG
2023-10-05,1068308.8590392675,0.04000813847410027,400.0813847410027,0.0,0.0,0,21.3824230929131,False,DDPG
2023-10-06,1082237.7408240158,1.3928881784748286,13928.881784748286,0.0,0.0,0,82.668596469433,False,DDPG
2023-10-09,1085620.9013593937,0.3383160535377916,3383.160535377916,0.0,0.0,0,44.490864614211134,False,DDPG
2023-10-10,1087051.4335663083,0.14305322069146206,1430.5322069146205,0.0,0.0,0,16.715950323565487,False,DDPG
2023-10-11,1094000.690984718,0.6949257418409689,6949.257418409688,0.0,0.0,0,22.079063113392607,False,DDPG
2023-10-12,1088210.5839979004,-0.5790106986817671,-5790.106986817671,0.0,0.0,0,41.34331478760535,False,DDPG
2023-10-13,1089961.1867225466,0.17506027246462183,1750.6027246462181,0.0,0.0,0,27.53950208152155,False,DDPG
2023-10-16,1100634.875316723,1.0673688594176434,10673.688594176434,0.0,0.0,0,30.99487929730559,False,DDPG
2023-10-17,1100261.6600224406,-0.037321529428241774,-373.21529428241774,0.0,0.0,0,12.595080136981297,False,DDPG
2023-10-18,1087710.6434729313,-1.2551016549509253,-12551.016549509251,0.0,0.0,0,20.54849869263919,False,DDPG
2023-10-19,1082859.9215996892,-0.48507218732421753,-4850.721873242175,0.0,0.0,0,76.06246066033503,False,DDPG
2023-10-20,1071377.7345626596,-1.1482187037029536,-11482.187037029536,0.0,0.0,0,26.537108241260057,False,DDPG
2023-10-23,1067744.5501788077,-0.3633184383851942,-3633.1843838519417,0.0,0.0,0,36.49813885418675,False,DDPG
2023-10-24,1073302.0664634376,0.5557516284629935,5557.516284629935,0.0,0.0,0,30.013600488874733,False,DDPG
2023-10-25,1069481.3492859798,-0.38207171774578746,-3820.7171774578746,0.0,0.0,0,122.57932628698263,False,DDPG
2023-10-26,1061479.5813084086,-0.8001767977571115,-8001.767977571114,0.0,0.0,0,89.65885071414698,False,DDPG
2023-10-27,1056024.797219797,-0.5454784088611603,-5454.784088611603,0.0,0.0,0,79.69345285431986,False,DDPG
2023-10-30,1069567.4619487375,1.3542664728940466,13542.664728940465,0.0,0.0,0,83.00584989078158,False,DDPG
2023-10-31,1077096.6114992083,0.7529149550470756,7529.1495504707555,0.0,0.0,0,31.9263104002395,False,DDPG
2023-11-01,1082908.652907366,0.5812041408157674,5812.041408157674,0.0,0.0,0,71.22603219015164,False,DDPG
2023-11-02,1100079.9736929452,1.7171320785579272,17171.32078557927,0.0,0.0,0,26.18518942579269,False,DDPG
2023-11-03,1107419.2629519217,0.7339289258976467,7339.289258976467,0.0,0.0,0,21.22437405144913,False,DDPG
2023-11-06,1111567.8024199284,0.41485394680066967,4148.539468006697,0.0,0.0,0,31.86281081534677,False,DDPG
2023-11-07,1117496.0779258467,0.5928275505918311,5928.275505918311,0.0,0.0,0,9.559231192927705,False,DDPG
2023-11-08,1118545.861777015,0.10497838511683513,1049.7838511683512,0.0,0.0,0,10.429169199508348,False,DDPG
2023-11-09,1112761.3038882976,-0.5784557888717391,-5784.557888717391,0.0,0.0,0,12.679155735295067,False,DDPG
2023-11-10,1123932.0707612769,1.1170766872979236,11170.766872979237,0.0,0.0,0,56.96086097641368,False,DDPG
2023-11-13,1123072.2089406853,-0.08598618205916136,-859.8618205916137,0.0,0.0,0,20.85393106516765,False,DDPG
2023-11-14,1139038.7851792017,1.5966576238516486,15966.576238516485,0.0,0.0,0,18.496926586262923,False,DDPG
2023-11-15,1140113.008017193,0.10742228379913141,1074.222837991314,0.0,0.0,0,36.31158943270046,False,DDPG
2023-11-16,1146251.6136031467,0.6138605585953687,6138.605585953686,0.0,0.0,0,24.174751879968145,False,DDPG
2023-11-17,1144126.5840578221,-0.21250295453246218,-2125.0295453246217,0.0,0.0,0,261.326523660882,False,DDPG
2023-11-20,1152952.0160534347,0.8825431995612569,8825.43199561257,0.0,0.0,0,20.06715299028469,False,DDPG
2023-11-21,1150993.916896169,-0.19580991572656203,-1958.0991572656203,0.0,0.0,0,21.719074735833637,False,DDPG
2023-11-22,1158010.851920732,0.701693502456299,7016.93502456299,0.0,0.0,0,18.4294420035791,False,DDPG
2023-11-24,1161792.7415539757,0.3781889633243671,3781.8896332436707,0.0,0.0,0,14.396707534236214,False,DDPG
2023-11-27,1159538.1720450353,-0.22545695089404472,-2254.569508940447,0.0,0.0,0,5.188026950671363,False,DDPG
2023-11-28,1159073.8116956002,-0.046436034943512644,-464.3603494351264,0.0,0.0,0,6.206188310403967,False,DDPG
2023-11-29,1159764.5297290739,0.06907180334737059,690.7180334737059,0.0,0.0,0,19.10625261361726,False,DDPG
2023-11-30,1183165.1142720892,2.340058454301534,23400.58454301534,0.0,0.0,0,16.56085006347788,False,DDPG
2023-12-01,1192714.8848873207,0.9549770615231479,9549.770615231479,0.0,0.0,0,55.28563415086104,False,DDPG
2023-12-04,1187595.3952855554,-0.5119489601765294,-5119.489601765294,0.0,0.0,0,32.95406893041611,False,DDPG
2023-12-05,1189264.2653730279,0.1668870087472489,1668.8700874724889,0.0,0.0,0,26.11830442139047,False,DDPG
2023-12-06,1184715.3830195584,-0.45488823534694967,-4548.882353469497,0.0,0.0,0,58.56580554313221,False,DDPG
2023-12-07,1188303.9202424148,0.35885372228564233,3588.5372228564233,0.0,0.0,0,15.139898284087552,False,DDPG
2023-12-08,1189617.3113328014,0.13133910903865473,1313.3910903865471,0.0,0.0,0,14.457888226895069,False,DDPG
2023-12-11,1192860.5094206634,0.3243198087861994,3243.1980878619943,0.0,0.0,0,21.95680718431886,False,DDPG
2023-12-12,1201835.769639604,0.8975260218940676,8975.260218940675,0.0,0.0,0,31.125504683023912,False,DDPG
2023-12-13,1214972.281029846,1.3136511390242027,13136.511390242027,0.0,0.0,0,8.323218765605427,False,DDPG
2023-12-14,1207148.6363418447,-0.7823644688001369,-7823.644688001368,0.0,0.0,0,35.356911432061196,False,DDPG
2023-12-15,1210358.8021605583,0.32101658187136056,3210.1658187136054,0.0,0.0,0,75.38244435094126,False,DDPG
2023-12-18,1214482.8804692468,0.4124078308688477,4124.078308688477,0.0,0.0,0,18.06086248126627,False,DDPG
2023-12-19,1216693.2017266639,0.22103212574170902,2210.3212574170902,0.0,0.0,0,21.39679748858358,False,DDPG
2023-12-20,1200506.8826244825,-1.6186319102181355,-16186.319102181355,0.0,0.0,0,9.850378309504642,False,DDPG
2023-12-21,1213929.844356493,1.342296173201059,13422.96173201059,0.0,0.0,0,17.629094254612106,False,DDPG
2023-12-22,1214233.5538029925,0.030370944649935703,303.709446499357,0.0,0.0,0,9.764918413063302,False,DDPG
2023-12-26,1217055.063435411,0.28215096324186306,2821.5096324186306,0.0,0.0,0,85.63516202645837,False,DDPG
2023-12-27,1220545.3430059827,0.3490279570571613,3490.2795705716126,0.0,0.0,0,4.770862632177803,False,DDPG
2023-12-28,1223564.7012170525,0.30193582110698336,3019.3582110698335,0.0,0.0,0,4.419532025398101,False,DDPG
2023-12-29,1222509.5880430378,-0.10551131740147249,-1055.1131740147248,0.0,0.0,0,7.285156525787727,False,DDPG
2024-01-02,1224010.1440562408,0.15005560132029933,1500.5560132029932,0.0,0.0,0,2.9550341216370395,False,DDPG
2024-01-03,1216982.9526119828,-0.7027191444257973,-7027.191444257973,0.0,0.0,0,55.326426264086855,False,DDPG
2024-01-05,1213132.9354552971,-0.288737328401627,-2887.37328401627,0.0,0.0,0,20.258792421642408,False,DDPG
2024-01-08,1226854.7408974504,1.3721805442153243,13721.805442153243,0.0,0.0,0,17.544396568746677,False,DDPG
2024-01-09,1224174.325714855,-0.2680415182595374,-2680.415182595374,0.0,0.0,0,64.45684945757168,False,DDPG
2024-01-10,1229513.1313091724,0.5338805594317383,5338.805594317382,0.0,0.0,0,17.746096975204768,False,DDPG
2024-01-11,1233809.2355805514,0.4296104271379067,4296.104271379067,0.0,0.0,0,23.08357078340254,False,DDPG
2024-01-12,1231077.5930077152,-0.2731642572836252,-2731.642572836252,0.0,0.0,0,25.06487809218838,False,DDPG
2024-01-16,1224977.168454428,-0.6100424553287216,-6100.4245532872155,0.0,0.0,0,41.51204583555025,False,DDPG
2024-01-17,1225588.6203050409,0.06114518506128807,611.4518506128807,0.0,0.0,0,62.82396929734922,False,DDPG
2024-01-18,1231065.6813935558,0.5477061088514981,5477.06108851498,0.0,0.0,0,14.763297927955936,False,DDPG
2024-01-19,1238387.4865563652,0.7321805162809324,7321.8051628093235,0.0,0.0,0,28.16969340802314,False,DDPG
2024-01-22,1244518.2429987083,0.6130756442343118,6130.756442343118,0.0,0.0,0,77.41309415749538,False,DDPG
2024-01-23,1245109.2613258413,0.05910183271330316,591.0183271330316,0.0,0.0,0,19.319717879653155,False,DDPG
2024-01-24,1241337.219095645,-0.37720422301962975,-3772.042230196297,0.0,0.0,0,166.486950653183,False,DDPG
2024-01-25,1247470.8916580863,0.6133672562441324,6133.672562441323,0.0,0.0,0,20.594719431109898,False,DDPG
2024-01-26,1254421.7730788416,0.6950881420755294,6950.881420755293,0.0,0.0,0,183.40212933892315,False,DDPG
2024-01-29,1265622.1482040533,1.1200375125211663,11200.375125211664,0.0,0.0,0,89.31401661281859,False,DDPG
2024-01-30,1268265.4282579892,0.2643280053935945,2643.280053935945,0.0,0.0,0,18.36650112697265,False,DDPG
2024-01-31,1254743.1789861224,-1.3522249271866866,-13522.249271866865,0.0,0.0,0,18.88238786739136,False,DDPG
2024-02-01,1266675.6067804988,1.1932427794376388,11932.427794376388,0.0,0.0,0,38.95601512267056,False,DDPG
2024-02-02,1276099.0896647584,0.9423482884259662,9423.482884259662,0.0,0.0,0,82.9392203084131,False,DDPG
2024-02-05,1263886.191761482,-1.2212897903276376,-12212.897903276376,0.0,0.0,0,51.54812171938917,False,DDPG
2024-02-06,1267694.539598768,0.380834783728607,3808.34783728607,0.0,0.0,0,61.05227425241932,False,DDPG
2024-02-07,1273840.6789664223,0.6146139367654222,6146.139367654222,0.0,0.0,0,24.252855506608665,False,DDPG
2024-02-08,1281827.671520095,0.7986992553672754,7986.992553672753,0.0,0.0,0,50.34558026350061,False,DDPG
2024-02-09,1284398.9198635952,0.2571248343500076,2571.248343500076,0.0,0.0,0,112.76770183786556,False,DDPG
2024-02-12,1283064.5707734358,-0.13343490901594052,-1334.349090159405,0.0,0.0,0,16.640032347910388,False,DDPG
2024-02-13,1268736.0514412003,-1.4328519332235448,-14328.519332235446,0.0,0.0,0,14.672717264344753,False,DDPG
2024-02-14,1278368.0618754746,0.963201043427433,9632.010434274329,0.0,0.0,0,22.438633862173575,False,DDPG
2024-02-15,1286125.0236745311,0.7756961799056502,7756.961799056502,0.0,0.0,0,11.209464000501058,False,DDPG
2024-02-16,1280602.5065767728,-0.5522517097758363,-5522.517097758362,0.0,0.0,0,25.87072585534257,False,DDPG
2024-02-20,1276769.9480700959,-0.38325585066769274,-3832.558506676927,0.0,0.0,0,12.582393299457834,False,DDPG
2024-02-21,1276478.2927306772,-0.02916553394186776,-291.6553394186776,0.0,0.0,0,46.01644395345684,False,DDPG
2024-02-22,1299105.67028136,2.2627377550682755,22627.377550682755,0.0,0.0,0,24.412835449876543,False,DDPG
2024-02-23,1303245.0217014279,0.41393514200679493,4139.351420067949,0.0,0.0,0,59.83220754251535,False,DDPG
2024-02-26,1302333.3716479698,-0.09116500534580556,-911.6500534580555,0.0,0.0,0,7.371390003327809,False,DDPG
2024-02-27,1296897.135363492,-0.5436236284477869,-5436.236284477869,0.0,0.0,0,19.57526997359285,False,DDPG
2024-02-28,1292157.3759819774,-0.47397593815145084,-4739.759381514508,0.0,0.0,0,22.82128798718834,False,DDPG
2024-02-29,1298686.9995511821,0.6529623569204706,6529.623569204705,0.0,0.0,0,21.645413638597766,False,DDPG
2024-03-01,1305817.0883016398,0.7130088750457624,7130.088750457623,0.0,0.0,0,29.955807786946387,False,DDPG
2024-03-04,1303874.685361262,-0.1942402940377826,-1942.4029403778259,0.0,0.0,0,18.76406530293707,False,DDPG
2024-03-05,1285336.3841408356,-1.8538301220426336,-18538.301220426336,0.0,0.0,0,42.00394520162916,False,DDPG
2024-03-06,1291178.7672308106,0.5842383089974988,5842.383089974988,0.0,0.0,0,37.29618329421079,False,DDPG
2024-03-07,1301587.9049111651,1.0409137680354528,10409.137680354526,0.0,0.0,0,17.328917657880577,False,DDPG
2024-03-08,1298564.511065146,-0.3023393846019171,-3023.393846019171,0.0,0.0,0,30.522980103711543,False,DDPG
2024-03-11,1301505.4944194988,0.294098335435288,2940.98335435288,0.0,0.0,0,23.03814183382527,False,DDPG
2024-03-12,1312888.4185000337,1.138292408053484,11382.92408053484,0.0,0.0,0,32.47566379574073,False,DDPG
2024-03-13,1306257.8906383482,-0.6630527861685492,-6630.527861685492,0.0,0.0,0,41.846142502831064,False,DDPG
2024-03-14,1300878.2295292448,-0.5379661109103355,-5379.661109103355,0.0,0.0,0,77.17964880117962,False,DDPG
2024-03-15,1290746.5946839708,-1.0131634845274036,-10131.634845274035,0.0,0.0,0,24.607835949138284,False,DDPG
2024-03-18,1294575.8138541072,0.38292191701363776,3829.219170136377,0.0,0.0,0,23.59601335109103,False,DDPG
2024-03-19,1304031.2161903877,0.9455402336280561,9455.40233628056,0.0,0.0,0,13.279860962912222,False,DDPG
2024-03-20,1316721.5775015242,1.2690361311136513,12690.361311136512,0.0,0.0,0,11.471727256741511,False,DDPG
2024-03-21,1322243.2421816217,0.5521664680097486,5521.664680097485,0.0,0.0,0,17.563830526189722,False,DDPG
2024-03-22,1315106.3316333864,-0.713691054823529,-7136.91054823529,0.0,0.0,0,56.543228622738106,False,DDPG
2024-03-25,1311068.119988767,-0.40382116446194705,-4038.2116446194705,0.0,0.0,0,39.29840603566153,False,DDPG
2024-03-26,1312629.5767805479,0.15614567917808891,1561.456791780889,0.0,0.0,0,30.041986611728777,False,DDPG
2024-03-27,1323518.0801045415,1.0888503323993646,10888.503323993646,0.0,0.0,0,12.709047511125352,False,DDPG
2024-03-28,1324725.946312721,0.12078662081793883,1207.8662081793882,0.0,0.0,0,43.71913469161537,False,DDPG
2024-04-01,1316904.0686005284,-0.782187771219248,-7821.8777121924795,0.0,0.0,0,7.814802762748226,False,DDPG
2024-04-02,1297530.6274858397,-1.9373441114688759,-19373.441114688758,0.0,0.0,0,61.451994780565144,False,DDPG
2024-04-03,1294678.2369409897,-0.2852390544849914,-2852.3905448499136,0.0,0.0,0,42.72744405887717,False,DDPG
2024-04-04,1273647.9955191794,-2.1030241421810354,-21030.24142181035,0.0,0.0,0,49.84887556263234,False,DDPG
2024-04-08,1285533.7927766377,0.02286335145216435,228.6335145216435,0.0,0.0,0,14.109126484958152,False,DDPG
2024-04-09,1288725.9790251558,0.31921862485180613,3192.1862485180613,0.0,0.0,0,10.777614070533964,False,DDPG
2024-04-10,1271381.0880455396,-1.7344890979616205,-17344.890979616204,0.0,0.0,0,31.20888921164996,False,DDPG
2024-04-11,1273114.936517639,0.17338484720995184,1733.8484720995184,0.0,0.0,0,40.90395793575211,False,DDPG
2024-04-12,1257132.372397828,-1.5982564119811171,-15982.56411981117,0.0,0.0,0,40.12874520611408,False,DDPG
2024-04-15,1243408.9842778249,-1.3723388120003046,-13723.388120003045,0.0,0.0,0,96.9680217257442,False,DDPG
2024-04-16,1250274.943928598,0.686595965077309,6865.95965077309,0.0,0.0,0,53.69189406231833,False,DDPG
2024-04-17,1252111.636547722,0.1836692619123962,1836.6926191239618,0.0,0.0,0,48.61583092059186,False,DDPG
2024-04-18,1253073.4783409487,0.09618417932267767,961.8417932267766,0.0,0.0,0,91.65662040166868,False,DDPG
2024-04-19,1259162.8010729742,0.6089322732025525,6089.322732025525,0.0,0.0,0,23.082423269001534,False,DDPG
2024-04-22,1265323.3398901422,0.6160538817167981,6160.538817167981,0.0,0.0,0,79.93760642918329,False,DDPG
2024-04-23,1270680.5902646938,0.535725037455163,5357.25037455163,0.0,0.0,0,42.60936741989538,False,DDPG
2024-04-24,1270459.1620601718,-0.02214282045220025,-221.4282045220025,0.0,0.0,0,32.341927767176564,False,DDPG
2024-04-25,1260310.1804300619,-1.014898163010995,-10148.981630109949,0.0,0.0,0,29.80059761600538,False,DDPG
2024-04-26,1266278.4548333266,0.5968274403264746,5968.274403264746,0.0,0.0,0,130.86269414025193,False,DDPG
2024-04-29,1266725.602869637,0.04471480363104493,447.14803631044924,0.0,0.0,0,20.130129715963243,False,DDPG
2024-04-30,1246495.82374366,-2.0229779125977077,-20229.779125977075,0.0,0.0,0,26.95743169622615,False,DDPG
2024-05-01,1252342.0969492109,0.5846273205550854,5846.273205550853,0.0,0.0,0,62.83299781115099,False,DDPG
2024-05-02,1262148.5783300933,0.980648138088244,9806.48138088244,0.0,0.0,0,55.56694898625766,False,DDPG
2024-05-03,1277927.248320649,1.5778669990555616,15778.669990555616,0.0,0.0,0,29.593440348847587,False,DDPG
2024-05-06,1285213.395139963,0.7286146819313989,7286.146819313988,0.0,0.0,0,166.94864438408504,False,DDPG
2024-05-07,1285238.4692146685,0.0025074074705597016,25.074074705597013,0.0,0.0,0,26.90681457901295,False,DDPG
2024-05-08,1292053.2331216957,0.6814763907027198,6814.763907027198,0.0,0.0,0,58.19450628185984,False,DDPG
2024-05-09,1296989.515928119,0.493628280642326,4936.28280642326,0.0,0.0,0,16.052427754708617,False,DDPG
2024-05-10,1303695.3272782522,0.6705811350133271,6705.81135013327,0.0,0.0,0,17.342163348187782,False,DDPG
2024-05-13,1299754.2003088212,-0.39411269694310613,-3941.1269694310613,0.0,0.0,0,29.3978147452122,False,DDPG
2024-05-14,1302857.6228769794,0.31034225681582467,3103.4225681582466,0.0,0.0,0,23.947676119522814,False,DDPG
2024-05-15,1316687.7559894081,1.383013311242871,13830.13311242871,0.0,0.0,0,12.562927168648113,False,DDPG
2024-05-16,1315332.2019262686,-0.13555540631394833,-1355.5540631394833,0.0,0.0,0,36.55578641823665,False,DDPG
2024-05-17,1316204.197639119,0.08719957128504757,871.9957128504757,0.0,0.0,0,124.41019879429648,False,DDPG
2024-05-20,1309206.5450322602,-0.6997652606858872,-6997.652606858872,0.0,0.0,0,8.739206059371924,False,DDPG
2024-05-21,1313843.4384778454,0.4636893445585156,4636.893445585156,0.0,0.0,0,55.78455606966713,False,DDPG
2024-05-22,1310018.7652267874,-0.3824673251057975,-3824.673251057975,0.0,0.0,0,33.6571321813984,False,DDPG
2024-05-23,1294535.0736502637,-1.5483691576523706,-15483.691576523704,0.0,0.0,0,16.409832759638583,False,DDPG
2024-05-24,1292266.4792083413,-0.22685944419223816,-2268.5944419223815,0.0,0.0,0,47.25461510025036,False,DDPG
2024-05-28,1285271.6232176872,-0.6994855990654091,-6994.85599065409,0.0,0.0,0,23.74409063355145,False,DDPG
2024-05-29,1271125.6790021711,-1.4145944215516095,-14145.944215516094,0.0,0.0,0,29.668300754837915,False,DDPG
2024-05-30,1248562.4189076507,-2.2563260094520405,-22563.260094520403,0.0,0.0,0,21.48214945936296,False,DDPG
2024-05-31,1268522.0831171134,1.9959664209462704,19959.664209462702,0.0,0.0,0,251.80201311799465,False,DDPG
2024-06-03,1271313.8850399228,0.27918019228093327,2791.8019228093326,0.0,0.0,0,40.6639416910651,False,DDPG
2024-06-04,1279933.196832937,0.8619311793014175,8619.311793014174,0.0,0.0,0,39.14761371307084,False,DDPG
2024-06-05,1282728.1020881901,0.2794905255253194,2794.905255253194,0.0,0.0,0,26.487402423269607,False,DDPG
2024-06-06,1284310.6596621757,0.15825575739855413,1582.5575739855412,0.0,0.0,0,35.98556038089853,False,DDPG
2024-06-07,1274723.7397124995,-0.9586919949676144,-9586.919949676143,0.0,0.0,0,17.991874188045003,False,DDPG
2024-06-10,1279749.5072588385,0.5025767546338961,5025.7675463389605,0.0,0.0,0,44.200713257302326,False,DDPG
2024-06-11,1274942.7529599038,-0.48067542989347134,-4806.754298934713,0.0,0.0,0,24.798970608472775,False,DDPG
2024-06-12,1273448.219044353,-0.1494533915550681,-1494.5339155506808,0.0,0.0,0,68.46144493393396,False,DDPG
2024-06-13,1271773.2384859605,-0.1674980558392592,-1674.9805583925918,0.0,0.0,0,38.03487608871248,False,DDPG
2024-06-14,1273318.2507484383,0.15450122624777723,1545.0122624777723,0.0,0.0,0,17.02455847374752,False,DDPG
2024-06-17,1279668.105317584,0.6349854569145711,6349.85456914571,0.0,0.0,0,7.693707685838344,False,DDPG
2024-06-18,1278045.6303106968,-0.16224750068872237,-1622.4750068872236,0.0,0.0,0,15.737853974470733,False,DDPG
2024-06-20,1289759.0277357977,1.1713397425100907,11713.397425100906,0.0,0.0,0,16.81018650345626,False,DDPG
2024-06-21,1293365.960670309,0.360693293451122,3606.9329345112196,0.0,0.0,0,31.571631501361225,False,DDPG
2024-06-24,1295856.6657014117,0.24907050311027562,2490.705031102756,0.0,0.0,0,30.043716856422268,False,DDPG
2024-06-25,1291964.8571440207,-0.3891808557390934,-3891.808557390934,0.0,0.0,0,45.73779614140045,False,DDPG
2024-06-26,1293180.960203128,0.1216103059107205,1216.103059107205,0.0,0.0,0,31.08594347636657,False,DDPG
2024-06-27,1298450.6313195676,0.5269671116439626,5269.671116439626,0.0,0.0,0,25.971494805598976,False,DDPG
2024-06-28,1298867.1874405285,0.04165561209609732,416.55612096097315,0.0,0.0,0,49.2620189645376,False,DDPG
2024-07-01,1297525.9779354671,-0.13412095050613862,-1341.2095050613862,0.0,0.0,0,289.4047818873523,False,DDPG
2024-07-02,1302034.442839588,0.4508464904120891,4508.46490412089,0.0,0.0,0,75.86377022824148,False,DDPG
2024-07-03,1301445.237420278,-0.05892054193101358,-589.2054193101358,0.0,0.0,0,26.30911168991199,False,DDPG
2024-07-05,1303834.4256059614,0.23891881856834518,2389.1881856834516,0.0,0.0,0,17.765478141243435,False,DDPG
2024-07-09,1301154.2664283484,-0.026078982075233945,-260.78982075233944,0.0,0.0,0,27.112200499728296,False,DDPG
2024-07-10,1317204.3562077964,1.6050089779447998,16050.089779447997,0.0,0.0,0,21.166618915252208,False,DDPG
2024-07-11,1317040.576732539,-0.016377947525726633,-163.7794752572663,0.0,0.0,0,29.09371175595772,False,DDPG
2024-07-12,1325386.1337129392,0.8345556980400114,8345.556980400113,0.0,0.0,0,36.40086342508282,False,DDPG
2024-07-15,1327673.7448607115,0.2287611147772288,2287.611147772288,0.0,0.0,0,31.603334749497485,False,DDPG
2024-07-16,1352151.445158382,2.447770029767044,24477.70029767044,0.0,0.0,0,28.979724385526076,False,DDPG
2024-07-17,1359617.8736508717,0.7466428492489737,7466.4284924897365,0.0,0.0,0,56.50948384369781,False,DDPG
2024-07-18,1345562.7382375572,-1.405513541331445,-14055.135413314449,0.0,0.0,0,38.59961489690985,False,DDPG
2024-07-19,1336928.7998366018,-0.8633938400955405,-8633.938400955405,0.0,0.0,0,35.10203354433213,False,DDPG
2024-07-22,1343942.0167592033,0.7013216922601453,7013.216922601453,0.0,0.0,0,74.29025809902205,False,DDPG
2024-07-23,1349593.213867531,0.5651197108327645,5651.197108327644,0.0,0.0,0,48.250278867518105,False,DDPG
2024-07-24,1332111.3345785597,-1.7481879288971192,-17481.87928897119,0.0,0.0,0,100.83696692029818,False,DDPG
2024-07-25,1333902.8360948823,0.17915015163226053,1791.5015163226053,0.0,0.0,0,61.88074119841397,False,DDPG
2024-07-26,1351026.0074502632,1.712317135538091,17123.17135538091,0.0,0.0,0,107.3402513928965,False,DDPG
2024-07-29,1352799.07970468,0.17730722544167657,1773.0722544167656,0.0,0.0,0,269.2546495674431,False,DDPG
2024-07-30,1355477.5911282392,0.2678511423559161,2678.511423559161,0.0,0.0,0,43.32057120556378,False,DDPG
2024-07-31,1358385.2218083346,0.29076306800954044,2907.6306800954044,0.0,0.0,0,203.59235142627023,False,DDPG
2024-08-01,1349128.4877263794,-0.9256734081955161,-9256.734081955161,0.0,0.0,0,58.32743731104978,False,DDPG
2024-08-02,1333987.4658717064,-1.5141021854673047,-15141.021854673047,0.0,0.0,0,71.1166409052552,False,DDPG
2024-08-05,1295823.61277041,-3.8163853101296352,-38163.85310129635,0.0,0.0,0,109.48126734293382,False,DDPG
2024-08-06,1306075.2533226442,1.0251640552234138,10251.640552234137,0.0,0.0,0,55.33919406621539,False,DDPG
2024-08-07,1295349.6082898837,-1.0725645032760456,-10725.645032760456,0.0,0.0,0,32.29052887604965,False,DDPG
2024-08-08,1315921.6679356925,2.0572059645808767,20572.059645808768,0.0,0.0,0,56.64674570276469,False,DDPG
2024-08-09,1317484.8983534805,0.15632304177880288,1563.2304177880287,0.0,0.0,0,19.88634689113228,False,DDPG
2024-08-12,1317333.2276711576,-0.01516706823229324,-151.6706823229324,0.0,0.0,0,11.525508266306316,False,DDPG
2024-08-13,1334032.364856468,1.669913718531048,16699.13718531048,0.0,0.0,0,27.241765066327577,False,DDPG
2024-08-14,1342532.7680491214,0.8500403192653321,8500.40319265332,0.0,0.0,0,23.91533491516006,False,DDPG
2024-08-15,1361915.394615733,1.9382626566611696,19382.626566611696,0.0,0.0,0,8.339510362946495,False,DDPG
2024-08-16,1363827.8418544221,0.19124472386890556,1912.4472386890554,0.0,0.0,0,86.25585919615486,False,DDPG
2024-08-19,1376280.261055336,1.2452419200913982,12452.419200913982,0.0,0.0,0,11.902098236052572,False,DDPG
2024-08-20,1375843.480413054,-0.04367806422819849,-436.7806422819849,0.0,0.0,0,23.66637293885694,False,DDPG
2024-08-21,1377267.618313432,0.14241379003778568,1424.1379003778568,0.0,0.0,0,17.967495962534166,False,DDPG
2024-08-22,1369535.543379109,-0.7732074934323085,-7732.0749343230855,0.0,0.0,0,15.767614298489464,False,DDPG
2024-08-23,1382145.6354582687,1.2610092079159805,12610.092079159804,0.0,0.0,0,10.699257458898572,False,DDPG
2024-08-26,1384571.7007797793,0.24260653215106578,2426.0653215106577,0.0,0.0,0,18.84433346360573,False,DDPG
2024-08-27,1385838.411844193,0.12667110644136556,1266.7110644136555,0.0,0.0,0,11.220256717759266,False,DDPG
2024-08-28,1381859.6866707257,-0.39787251734673046,-3978.7251734673046,0.0,0.0,0,12.97489238625706,False,DDPG
2024-08-29,1384491.3981978428,0.26317115271170627,2631.7115271170624,0.0,0.0,0,11.151239828429055,False,DDPG
2024-08-30,1394056.993449011,0.9565595251168125,9565.595251168124,0.0,0.0,0,24.57460551102332,False,DDPG
2024-09-03,1379731.9665710009,-1.4325026878010017,-14325.026878010016,0.0,0.0,0,21.530582469042567,False,DDPG
2024-09-04,1379765.524761914,0.003355819091317244,33.55819091317244,0.0,0.0,0,58.32591887707034,False,DDPG
2024-09-05,1372007.2841655859,-0.7758240596328164,-7758.2405963281635,0.0,0.0,0,26.436209489646767,False,DDPG
2024-09-06,1357419.4285096773,-1.4587855655908586,-14587.855655908585,0.0,0.0,0,24.72494631685621,False,DDPG
2024-09-09,1370538.9521461192,1.3119523636441912,13119.52363644191,0.0,0.0,0,24.177208767600035,False,DDPG
2024-09-10,1376261.8099706792,0.5722857824560023,5722.857824560022,0.0,0.0,0,32.60574868329152,False,DDPG
2024-09-11,1386926.9455827253,1.0665135612046113,10665.135612046111,0.0,0.0,0,64.96920724697999,False,DDPG
2024-09-12,1394120.967958727,0.719402237600158,7194.02237600158,0.0,0.0,0,43.59296639897281,False,DDPG
2024-09-13,1403468.530175399,0.9347562216672115,9347.562216672115,0.0,0.0,0,6.123894069860578,False,DDPG
2024-09-16,1410081.9032962408,0.6613373120841803,6613.373120841803,0.0,0.0,0,20.09840429063749,False,DDPG
2024-09-17,1405981.2977843825,-0.4100605511858361,-4100.605511858361,0.0,0.0,0,24.533457278323947,False,DDPG
2024-09-18,1400125.1827497943,-0.5856115034588147,-5856.115034588147,0.0,0.0,0,23.329514257988407,False,DDPG
2024-09-19,1415194.8372758406,1.5069654526046246,15069.654526046244,0.0,0.0,0,14.57067061491714,False,DDPG
2024-09-20,1418179.9090201408,0.29850717443001923,2985.071744300192,0.0,0.0,0,56.02775590031918,False,DDPG
2024-09-23,1418066.5769620854,-0.011333205805532634,-113.33205805532634,0.0,0.0,0,26.763941952914664,False,DDPG
2024-09-24,1420893.8392469476,0.28272622848621104,2827.2622848621104,0.0,0.0,0,16.736622461222332,False,DDPG
2024-09-25,1418345.057338715,-0.2548781908232486,-2548.781908232486,0.0,0.0,0,92.86466144116775,False,DDPG
2024-09-26,1423958.6827939153,0.5613625455200206,5613.625455200206,0.0,0.0,0,33.45537636401734,False,DDPG
2024-09-27,1425797.2334776362,0.18385506837209686,1838.5506837209684,0.0,0.0,0,27.764702567915513,False,DDPG
2024-09-30,1425433.9258358898,-0.03633076417464763,-363.3076417464763,0.0,0.0,0,16.149101607954886,False,DDPG
2024-10-01,1414138.7273596087,-1.1295198476281019,-11295.198476281019,0.0,0.0,0,15.885637277981758,False,DDPG
2024-10-02,1416957.1157274742,0.28183883678654675,2818.3883678654674,0.0,0.0,0,29.38156172674601,False,DDPG
2024-10-03,1412646.8637563102,-0.431025197116402,-4310.25197116402,0.0,0.0,0,26.29499833300518,False,DDPG
2024-10-07,1410733.6734544407,-1.365935021017003,-13659.350210170029,0.0,0.0,0,21.136186167227955,False,DDPG
2024-10-08,1419394.7506047813,0.8661077150340658,8661.077150340658,0.0,0.0,0,36.90072501377408,False,DDPG
2024-10-09,1435974.5137060795,1.657976310129813,16579.76310129813,0.0,0.0,0,27.297480124382528,False,DDPG
2024-10-10,1436989.964266208,0.10154505601285492,1015.4505601285491,0.0,0.0,0,33.68207666136477,False,DDPG
2024-10-11,1447906.7923024276,1.0916828036219581,10916.82803621958,0.0,0.0,0,11.501849404439024,False,DDPG
2024-10-14,1457516.7393072504,0.9609947004822782,9609.947004822781,0.0,0.0,0,24.594128763422777,False,DDPG
2024-10-15,1438931.9263491677,-1.858481295808265,-18584.81295808265,0.0,0.0,0,20.29168000796408,False,DDPG
2024-10-16,1450294.1131926535,1.1362186843485804,11362.186843485804,0.0,0.0,0,79.39395202523588,False,DDPG
2024-10-17,1450656.4566283175,0.03623434356639627,362.3434356639627,0.0,0.0,0,45.79271506899515,False,DDPG
2024-10-18,1452200.824239105,0.15443676107875073,1544.3676107875074,0.0,0.0,0,66.23865231822454,False,DDPG
2024-10-21,1443743.2991238334,-0.8457525115271565,-8457.525115271565,0.0,0.0,0,18.53011037280465,False,DDPG
2024-10-22,1439305.1424751817,-0.4438156648651697,-4438.156648651697,0.0,0.0,0,25.49953514970866,False,DDPG
2024-10-23,1424643.9540508175,-1.4661188424364198,-14661.188424364196,0.0,0.0,0,67.9861341064208,False,DDPG
2024-10-24,1414213.241066281,-1.0430712984536543,-10430.712984536543,0.0,0.0,0,89.78473936771763,False,DDPG
2024-10-25,1410242.2209462414,-0.3971020120039582,-3971.0201200395823,0.0,0.0,0,94.83404988326544,False,DDPG
2024-10-28,1415954.204974975,0.5711984028733569,5711.984028733568,0.0,0.0,0,25.495083415257525,False,DDPG
2024-10-29,1414878.6614118079,-0.1075543563167099,-1075.543563167099,0.0,0.0,0,27.632920974427737,False,DDPG
2024-10-30,1412248.5842159272,-0.2630077195880702,-2630.0771958807018,0.0,0.0,0,20.435575907109005,False,DDPG
2024-10-31,1396928.9427948198,-1.5319641421107344,-15319.641421107342,0.0,0.0,0,35.91587390436824,False,DDPG
2024-11-01,1409814.6544915647,1.2885711696744897,12885.711696744896,0.0,0.0,0,80.1765193424041,False,DDPG
2024-11-04,1407225.7046453462,-0.2588949846218573,-2588.9498462185725,0.0,0.0,0,44.89990632189016,False,DDPG
2024-11-05,1422031.8744576096,1.4806169812263457,14806.169812263455,0.0,0.0,0,40.084975082859856,False,DDPG
2024-11-06,1465222.2545728763,4.319038011526666,43190.38011526666,0.0,0.0,0,18.77592428587202,False,DDPG
2024-11-07,1469389.498695348,0.41672441224716605,4167.24412247166,0.0,0.0,0,281.7223773569988,False,DDPG
2024-11-08,1480441.0998943404,1.105160119899246,11051.60119899246,0.0,0.0,0,37.195566782236526,False,DDPG
2024-11-11,1495131.958257821,1.4690858363480541,14690.85836348054,0.0,0.0,0,43.22532446822175,False,DDPG
2024-11-12,1484127.7347318828,-1.1004223525938113,-11004.223525938112,0.0,0.0,0,41.33672818164978,False,DDPG
2024-11-13,1485662.416788294,0.15346820564111696,1534.6820564111695,0.0,0.0,0,67.51364830618634,False,DDPG
2024-11-14,1475592.535525233,-1.0069881263060962,-10069.881263060963,0.0,0.0,0,32.3482885961526,False,DDPG
2024-11-15,1456623.110989807,-1.8969424535426078,-18969.42453542608,0.0,0.0,0,46.49293548879699,False,DDPG
2024-11-18,1450864.0386538445,-0.575907233596244,-5759.072335962439,0.0,0.0,0,81.63534025930261,False,DDPG
2024-11-19,1448531.6505788886,-0.2332388074955903,-2332.388074955903,0.0,0.0,0,19.24608045039828,False,DDPG
2024-11-20,1460840.425521411,1.2308774942522402,12308.774942522401,0.0,0.0,0,26.152565806326702,False,DDPG
2024-11-21,1474572.0181294826,1.3731592608071632,13731.59260807163,0.0,0.0,0,30.648702326531,False,DDPG
2024-11-22,1484455.9343116912,0.9883916182208574,9883.916182208573,0.0,0.0,0,38.14306032859644,False,DDPG
2024-11-25,1501108.6787677757,1.6652744456084445,16652.744456084445,0.0,0.0,0,41.881005048229014,False,DDPG
2024-11-26,1504100.5023619353,0.29918235941596794,2991.823594159679,0.0,0.0,0,38.6705678070598,False,DDPG
2024-11-27,1495555.5534317181,-0.8544948930217187,-8544.948930217186,0.0,0.0,0,38.87722792081448,False,DDPG
2024-11-29,1501611.336002543,0.6055782570824959,6055.782570824958,0.0,0.0,0,13.422248432553303,False,DDPG
2024-12-02,1498852.7962334608,-0.27585397690823305,-2758.53976908233,0.0,0.0,0,6.2427292854642005,False,DDPG
2024-12-03,1498108.48287445,-0.07443133590107319,-744.3133590107319,0.0,0.0,0,15.403765716159093,False,DDPG
2024-12-04,1520212.425558612,2.210394268416194,22103.94268416194,0.0,0.0,0,27.423011887482552,False,DDPG
2024-12-05,1504793.1111215034,-1.541931443710858,-15419.31443710858,0.0,0.0,0,57.50243306540289,False,DDPG
2024-12-06,1498060.86442455,-0.6732246696953429,-6732.246696953429,0.0,0.0,0,39.095580493190646,False,DDPG
2024-12-09,1488352.902855807,-0.9707961568742991,-9707.96156874299,0.0,0.0,0,38.39032018727059,False,DDPG
2024-12-10,1486865.0291784103,-0.14878736773966814,-1487.8736773966814,0.0,0.0,0,52.950113487538616,False,DDPG
2024-12-11,1478951.9436920127,-0.7913085486397613,-7913.085486397613,0.0,0.0,0,39.38183720043356,False,DDPG
2024-12-12,1470239.6876752693,-0.8712256016743369,-8712.25601674337,0.0,0.0,0,26.02238766677363,False,DDPG
2024-12-13,1465375.9339946734,-0.48637536805958953,-4863.753680595895,0.0,0.0,0,33.99742065677644,False,DDPG
2024-12-16,1461206.4074877147,-0.4169526506958762,-4169.526506958762,0.0,0.0,0,14.063638127608666,False,DDPG
2024-12-17,1451256.473473511,-0.9949934014203726,-9949.934014203725,0.0,0.0,0,47.816704932631325,False,DDPG
2024-12-18,1416583.2190635526,-3.467325440995838,-34673.254409958376,0.0,0.0,0,25.12844128079849,False,DDPG
2024-12-19,1415871.0394933135,-0.07121795702390372,-712.1795702390372,0.0,0.0,0,39.55924343382152,False,DDPG
2024-12-20,1431662.5872160797,1.5791547722766177,15791.547722766176,0.0,0.0,0,27.955642023618218,False,DDPG
2024-12-23,1434243.930191212,0.25813429751324,2581.3429751324,0.0,0.0,0,14.9911709959256,False,DDPG
2024-12-24,1445065.3452003184,1.0821415009106277,10821.415009106277,0.0,0.0,0,12.752392329872382,False,DDPG
2024-12-26,1445908.827269623,0.08434820693046786,843.4820693046786,0.0,0.0,0,9.213049151972104,False,DDPG
2024-12-27,1433974.3537481402,-1.1934473521482898,-11934.473521482898,0.0,0.0,0,5.761818480429648,False,DDPG
2024-12-30,1419455.6103318916,-1.451874341624859,-14518.74341624859,0.0,0.0,0,4.992948809014578,False,DDPG
2024-12-31,1417217.0492696138,-0.22385610622777605,-2238.5610622777604,0.0,0.0,0,8.183240497334095,False,DDPG
2025-01-02,1412982.8996729045,-0.42341495967092924,-4234.149596709292,0.0,0.0,0,5.3770273493786895,False,DDPG
2025-01-03,1429159.2314063315,1.6176331733427012,16176.33173342701,0.0,0.0,0,19.26171297586661,False,DDPG
2025-01-07,1420921.4081090777,-0.7430888728026767,-7430.888728026766,0.0,0.0,0,24.121602661968772,False,DDPG
2025-01-08,1425025.1195314256,0.41037114223479293,4103.711422347929,0.0,0.0,0,24.263409562709455,False,DDPG
2025-01-10,1403084.4824445844,-2.1940637086841277,-21940.637086841274,0.0,0.0,0,30.95714447113817,False,DDPG
2025-01-13,1418738.948300064,1.5654465855479707,15654.465855479706,0.0,0.0,0,51.41893477739923,False,DDPG
2025-01-14,1423038.9613273465,0.4300013027282432,4300.013027282432,0.0,0.0,0,36.71768872390135,False,DDPG
2025-01-15,1439320.6113607602,1.6281650033413666,16281.650033413665,0.0,0.0,0,15.608974988977398,False,DDPG
2025-01-16,1429006.1019331394,-1.0314509427620797,-10314.509427620796,0.0,0.0,0,42.98846224177366,False,DDPG
2025-01-17,1438216.9710944588,0.9210869161319454,9210.869161319453,0.0,0.0,0,51.376573739607835,False,DDPG
2025-01-21,1457405.9540965327,1.9188983002073832,19188.98300207383,0.0,0.0,0,21.664961185245023,False,DDPG
2025-01-22,1463919.2742769055,0.6513320180372801,6513.320180372801,0.0,0.0,0,48.00602471182971,False,DDPG
2025-01-23,1478717.8105438193,1.479853626691387,14798.53626691387,0.0,0.0,0,58.56534289988798,False,DDPG
2025-01-24,1472288.5860890436,-0.6429224454775686,-6429.224454775685,0.0,0.0,0,19.35101940540648,False,DDPG
2025-01-27,1480832.8845242385,0.8544298435194884,8544.298435194883,0.0,0.0,0,14.915291065981416,False,DDPG
2025-01-28,1489421.3113531996,0.8588426828961121,8588.426828961121,0.0,0.0,0,163.37033931269616,False,DDPG
2025-01-29,1482660.4199687217,-0.6760891384477961,-6760.89138447796,0.0,0.0,0,46.20305850953256,False,DDPG
2025-01-30,1491956.7233466697,0.9296303377948003,9296.303377948003,0.0,0.0,0,15.803611081570512,False,DDPG
2025-01-31,1483936.8586202504,-0.8019864726419328,-8019.864726419328,0.0,0.0,0,287.0495163888387,False,DDPG
2025-02-03,1485527.6151699945,0.15907565497441684,1590.7565497441683,0.0,0.0,0,37.95671274995363,False,DDPG
2025-02-04,1488817.2644919148,0.3289649321920239,3289.649321920239,0.0,0.0,0,29.454603678434204,False,DDPG
2025-02-05,1496456.325483175,0.7639060991260224,7639.060991260223,0.0,0.0,0,97.91294144847195,False,DDPG
2025-02-06,1480107.735706588,-1.6348589776586975,-16348.589776586974,0.0,0.0,0,57.91840385373545,False,DDPG
2025-02-07,1463318.3602359043,-1.6789375470683678,-16789.375470683677,0.0,0.0,0,97.65768728172624,False,DDPG
2025-02-10,1470878.428940366,0.7560068704461679,7560.068704461679,0.0,0.0,0,22.855325201550695,False,DDPG
2025-02-11,1475185.8032818339,0.4307374341467861,4307.374341467861,0.0,0.0,0,49.80950445673643,False,DDPG
2025-02-12,1465811.4570101765,-0.9374346271657386,-9374.346271657385,0.0,0.0,0,58.67932391596635,False,DDPG
2025-02-13,1478115.9011277845,1.2304444117608015,12304.444117608014,0.0,0.0,0,28.10416004213912,False,DDPG
2025-02-14,1471530.0606202914,-0.6585840507493121,-6585.840507493122,0.0,0.0,0,14.044260305226144,False,DDPG
2025-02-18,1466610.844614439,-0.49192160058524464,-4919.216005852446,0.0,0.0,0,42.28752425022268,False,DDPG
2025-02-19,1472172.0908088621,0.5561246194423176,5561.246194423175,0.0,0.0,0,42.77756053119909,False,DDPG
2025-02-20,1461808.688354454,-1.036340245440812,-10363.402454408119,0.0,0.0,0,34.18380657556831,False,DDPG
2025-02-21,1433185.4543650225,-2.8623233989431522,-28623.233989431523,0.0,0.0,0,73.2876375254699,False,DDPG
2025-02-24,1430367.4118768459,-0.28180424881766086,-2818.0424881766085,0.0,0.0,0,49.17340323316469,False,DDPG
2025-02-25,1435079.6867825883,0.4712274905742379,4712.274905742379,0.0,0.0,0,39.12293914895625,False,DDPG
2025-02-26,1432525.7738136945,-0.25539129688937684,-2553.9129688937683,0.0,0.0,0,42.540791916024034,False,DDPG
2025-02-27,1420294.6035895457,-1.223117022414878,-12231.170224148778,0.0,0.0,0,27.959254899587833,False,DDPG
2025-02-28,1437588.6089350372,1.729400534549146,17294.00534549146,0.0,0.0,0,29.848066253347305,False,DDPG
2025-03-03,1418226.3162119396,-1.9362292723097607,-19362.292723097606,0.0,0.0,0,22.583678445950454,False,DDPG
2025-03-04,1407830.4988764778,-1.0395817335461732,-10395.817335461732,0.0,0.0,0,26.70918337614048,False,DDPG
2025-03-05,1421757.6901338971,1.3927191257419298,13927.191257419297,0.0,0.0,0,66.78100814244291,False,DDPG
2025-03-06,1411543.5727336267,-1.0214117400270422,-10214.117400270421,0.0,0.0,0,21.849175159460252,False,DDPG
2025-03-07,1423398.6909955281,1.185511826190143,11855.118261901429,0.0,0.0,0,45.79080580179416,False,DDPG
2025-03-10,1393329.7801490936,-3.0068910846434536,-30068.910846434534,0.0,0.0,0,62.779344788903416,False,DDPG
2025-03-11,1378850.8996577535,-1.4478880491340067,-14478.880491340067,0.0,0.0,0,51.403045791399,False,DDPG
2025-03-12,1377966.1638614573,-0.08847357962962706,-884.7357962962706,0.0,0.0,0,73.05911205905467,False,DDPG
2025-03-13,1361230.0463303477,-1.6736117531109602,-16736.1175311096,0.0,0.0,0,31.13584142530631,False,DDPG
2025-03-14,1382673.633935675,2.1443587605327368,21443.587605327368,0.0,0.0,0,37.151664350918125,False,DDPG
2025-03-17,1391861.743251413,0.9188109315738082,9188.109315738082,0.0,0.0,0,14.177209414365194,False,DDPG
2025-03-18,1383636.9307114142,-0.8224812539998908,-8224.812539998908,0.0,0.0,0,18.09471290180769,False,DDPG
2025-03-19,1392465.3200730234,0.8828389361609239,8828.38936160924,0.0,0.0,0,22.045779006105015,False,DDPG
2025-03-20,1392147.3395325504,-0.03179805404730141,-317.9805404730141,0.0,0.0,0,32.01225638806212,False,DDPG
2025-03-21,1394684.9409517306,0.2537601419180166,2537.601419180166,0.0,0.0,0,18.332979671477005,False,DDPG
2025-03-24,1411318.333859779,1.6633392908048352,16633.39290804835,0.0,0.0,0,25.842454800047857,False,DDPG
2025-03-25,1410423.0711281155,-0.08952627316634171,-895.2627316634171,0.0,0.0,0,21.56752096415205,False,DDPG
2025-03-26,1406361.2926878596,-0.4061778440255905,-4061.7784402559046,0.0,0.0,0,29.39476542398248,False,DDPG
2025-03-27,1400630.1675868256,-0.5731125101034064,-5731.125101034063,0.0,0.0,0,21.189230655685087,False,DDPG
2025-03-28,1378822.5791571771,-2.1807588429648432,-21807.588429648433,0.0,0.0,0,19.890250132253367,False,DDPG
2025-03-31,1391799.4322474794,1.297685309030232,12976.85309030232,0.0,0.0,0,19.058061814326965,False,DDPG
2025-04-01,1391234.4261751033,-0.05650060723761562,-565.0060723761562,0.0,0.0,0,18.437205180641385,False,DDPG
2025-04-02,1397589.361952534,0.6354935777430656,6354.935777430655,0.0,0.0,0,110.78300283840824,False,DDPG
2025-04-03,1355945.9453808393,-4.164341657169466,-41643.41657169466,0.0,0.0,0,16.802725403879275,False,DDPG
2025-04-04,1292144.10586731,-6.380183951352933,-63801.839513529325,0.0,0.0,0,219.6824126105259,False,DDPG
2025-04-07,1287784.9789801496,-0.43591268871603533,-4359.126887160353,0.0,0.0,0,223.6417130279808,False,DDPG
2025-04-09,1376503.8826587081,9.402021217005863,94020.21217005863,0.0,0.0,0,46.719993752271584,False,DDPG
2025-04-10,1346741.3699983824,-2.9762512660325737,-29762.512660325738,0.0,0.0,0,175.20379847235785,False,DDPG
2025-04-11,1368681.9027539762,2.194053275559377,21940.53275559377,0.0,0.0,0,85.56752411541706,False,DDPG
2025-04-14,1372862.061313676,0.4180158559699776,4180.158559699776,0.0,0.0,0,37.30242955994339,False,DDPG
2025-04-15,1368020.8121627443,-0.48412491509316025,-4841.249150931602,0.0,0.0,0,26.743878664827236,False,DDPG
2025-04-16,1342902.5196187575,-2.5118292543986813,-25118.292543986812,0.0,0.0,0,11.12604238691521,False,DDPG
2025-04-17,1293105.074667958,-4.979744495079946,-49797.44495079946,0.0,0.0,0,32.23275745067088,False,DDPG
2025-04-21,1257980.0238566992,-3.5125050811258847,-35125.05081125884,0.0,0.0,0,227.80560901991967,False,DDPG
2025-04-22,1286511.436755016,2.8531412898316746,28531.412898316743,0.0,0.0,0,30.80081877684135,False,DDPG
2025-04-23,1301084.032826934,1.457259607191803,14572.59607191803,0.0,0.0,0,26.687698617951007,False,DDPG
2025-04-24,1314313.4345767128,1.3229401749778773,13229.401749778772,0.0,0.0,0,21.231780347181193,False,DDPG
2025-04-25,1316264.6161156932,0.19511815389804543,1951.1815389804542,0.0,0.0,0,68.93075197581545,False,DDPG
2025-04-28,1317663.4836703707,0.13988675546774176,1398.8675546774175,0.0,0.0,0,21.44435669023043,False,DDPG
2025-04-29,1330282.7077071574,1.2619224036786705,12619.224036786703,0.0,0.0,0,7.236268412131884,False,DDPG
2025-04-30,1335170.7851299066,0.4888077422749251,4888.077422749251,0.0,0.0,0,50.79923480752196,False,DDPG
2025-05-01,1339141.6145827216,0.3970829452815,3970.829452815,0.0,0.0,0,21.230018117873925,False,DDPG
2025-05-02,1356830.706785351,1.7689092202629428,17689.09220262943,0.0,0.0,0,74.06803243244819,False,DDPG
2025-05-05,1358128.386257198,0.12976794718469029,1297.6794718469027,0.0,0.0,0,37.08696079100086,False,DDPG
2025-05-06,1342551.182782004,-1.5577203475194052,-15577.203475194052,0.0,0.0,0,22.38146326168112,False,DDPG
2025-05-07,1356803.9783030222,1.4252795521018329,14252.795521018328,0.0,0.0,0,24.639032571949336,False,DDPG
2025-05-08,1360832.7052104957,0.4028726907473523,4028.726907473523,0.0,0.0,0,92.22659141204062,False,DDPG
2025-05-09,1352501.6686033404,-0.8331036607155344,-8331.036607155344,0.0,0.0,0,16.45682172978958,False,DDPG
2025-05-12,1389100.2199758873,3.6598551372546937,36598.551372546935,0.0,0.0,0,10.917541380772349,False,DDPG
2025-05-13,1364222.9612426925,-2.4877258733194787,-24877.258733194787,0.0,0.0,0,71.18653942423254,False,DDPG
2025-05-14,1359115.4952851501,-0.5107465957542416,-5107.465957542416,0.0,0.0,0,101.37999272958383,False,DDPG
2025-05-15,1361930.6929604856,0.2815197675335454,2815.197675335454,0.0,0.0,0,20.77466357849083,False,DDPG
2025-05-16,1375138.095582438,1.320740262195235,13207.402621952351,0.0,0.0,0,79.95966516388066,False,DDPG
2025-05-19,1386598.7061134046,1.146061053096666,11460.610530966658,0.0,0.0,0,17.074736630695554,False,DDPG
2025-05-20,1384636.49577505,-0.19622103383545764,-1962.2103383545764,0.0,0.0,0,19.006037878773437,False,DDPG
2025-05-21,1356428.75180162,-2.8207743973430013,-28207.743973430013,0.0,0.0,0,7.543087697759034,False,DDPG
2025-05-22,1355936.7588791593,-0.049199292246066034,-491.99292246066034,0.0,0.0,0,17.76749413987093,False,DDPG
2025-05-23,1346497.5788630105,-0.9439180016148836,-9439.180016148835,0.0,0.0,0,7.7732842290329724,False,DDPG
2025-05-27,1370259.2787407709,2.3761699877760374,23761.699877760373,0.0,0.0,0,13.361508772353083,False,DDPG
2025-05-28,1362305.0357211847,-0.7954243019586197,-7954.243019586196,0.0,0.0,0,15.382671619212465,False,DDPG
2025-05-29,1363670.2968370733,0.13652611158885994,1365.2611158885993,0.0,0.0,0,6.839183142749408,False,DDPG
2025-05-30,1367782.6437167288,0.4112346879655496,4112.346879655495,0.0,0.0,0,16.251447751967113,False,DDPG
2025-06-02,1370842.7629251906,0.3060119208461838,3060.119208461838,0.0,0.0,0,7.44821240140948,False,DDPG
2025-06-03,1375442.9365346874,0.4600173609496793,4600.173609496793,0.0,0.0,0,13.30505791963878,False,DDPG
2025-06-04,1375695.524534696,0.02525880000086036,252.58800000860356,0.0,0.0,0,8.987395845046077,False,DDPG
2025-06-05,1372973.2496539454,-0.27222748807505703,-2722.27488075057,0.0,0.0,0,12.00039722183814,False,DDPG
2025-06-06,1390084.307667774,1.7111058013828473,17111.05801382847,0.0,0.0,0,17.0586609652253,False,DDPG
2025-06-09,1392095.6681565973,0.20113604888233821,2011.360488823382,0.0,0.0,0,17.88716981134734,False,DDPG
2025-06-10,1395406.4579109203,0.3310789754322963,3310.789754322963,0.0,0.0,0,20.763928811023987,False,DDPG
2025-06-11,1394499.431289064,-0.09070266218562612,-907.0266218562612,0.0,0.0,0,27.39261962127834,False,DDPG
2025-06-12,1402555.1349274246,0.8055703638360603,8055.703638360603,0.0,0.0,0,30.456071437006933,False,DDPG
2025-06-13,1377119.3426669133,-2.5435792260511314,-25435.792260511313,0.0,0.0,0,25.00573235315646,False,DDPG
2025-06-16,1386522.1284815874,0.9402785814674106,9402.785814674105,0.0,0.0,0,48.25381145855333,False,DDPG
2025-06-17,1376440.810517751,-1.0081317963836482,-10081.317963836482,0.0,0.0,0,14.326070268803036,False,DDPG
2025-06-18,1376401.5391675823,-0.003927135016862303,-39.27135016862303,0.0,0.0,0,18.72959517497475,False,DDPG
2025-06-20,1372349.5272485008,-0.4052011919081444,-4052.011919081444,0.0,0.0,0,48.43175192448019,False,DDPG
2025-06-23,1382442.7546685296,1.0093227420028765,10093.227420028765,0.0,0.0,0,13.792782069399507,False,DDPG
2025-06-24,1401878.5801823263,1.943582551379665,19435.825513796648,0.0,0.0,0,55.873960985019174,False,DDPG
2025-06-25,1398359.8006467475,-0.3518779535578797,-3518.779535578797,0.0,0.0,0,24.548920156132027,False,DDPG
2025-06-26,1408309.0965593918,0.994929591264436,9949.29591264436,0.0,0.0,0,18.71385514637764,False,DDPG
2025-06-27,1422810.4259694265,1.4501329410034698,14501.329410034698,0.0,0.0,0,15.55229986800074,False,DDPG
2025-06-30,1428359.888599391,0.5549462629964576,5549.462629964575,0.0,0.0,0,86.30811339256124,False,DDPG
2025-07-01,1445560.9469280797,1.7201058328688612,17201.05832868861,0.0,0.0,0,23.22712852072159,False,DDPG
2025-07-02,1438554.1925852972,-0.7006754342782544,-7006.754342782544,0.0,0.0,0,32.91043675496893,False,DDPG
2025-07-03,1451050.4125159187,1.2496219930621564,12496.219930621563,0.0,0.0,0,32.474066765842046,False,DDPG
2025-07-07,1438438.1211077606,-1.261229140815814,-12612.29140815814,0.0,0.0,0,13.518791145274276,False,DDPG
2025-07-08,1433640.0903584524,-0.47980307493081786,-4798.030749308178,0.0,0.0,0,9.572136225666997,False,DDPG
2025-07-09,1437402.841154412,0.3762750795959495,3762.750795959495,0.0,0.0,0,36.84980641082131,False,DDPG
2025-07-11,1431250.8802826945,-0.8553677329619416,-8553.677329619415,0.0,0.0,0,25.062469778417537,False,DDPG
2025-07-14,1432764.4955324824,0.1513615249787923,1513.615249787923,0.0,0.0,0,15.546804192612871,False,DDPG
2025-07-15,1419245.2765199603,-1.351921901252214,-13519.219012522139,0.0,0.0,0,20.993456832157403,False,DDPG
2025-07-16,1425379.154059422,0.6133877539461712,6133.877539461711,0.0,0.0,0,22.501610733605258,False,DDPG
2025-07-17,1431404.4586179652,0.6025304558543256,6025.3045585432565,0.0,0.0,0,63.63180577639162,False,DDPG
2025-07-18,1425917.4172241846,-0.5487041393780615,-5487.041393780615,0.0,0.0,0,31.695929157389056,False,DDPG
2025-07-21,1424514.4045886644,-0.14030126355201938,-1403.0126355201937,0.0,0.0,0,29.601552356981628,False,DDPG
2025-07-22,1428448.0408750046,0.39336362863401886,3933.6362863401882,0.0,0.0,0,27.53478088843128,False,DDPG
2025-07-23,1442963.2748622852,1.4515233987280634,14515.233987280633,0.0,0.0,0,25.500243020018136,False,DDPG
2025-07-24,1424510.1790172234,-1.845309584506182,-18453.09584506182,0.0,0.0,0,16.183173765294423,False,DDPG
2025-07-25,1428553.0148764446,0.4042835859221174,4042.8358592211735,0.0,0.0,0,79.33616370653021,False,DDPG
2025-07-28,1427773.4921002346,-0.07795227762099821,-779.5227762099821,0.0,0.0,0,9.414305077454069,False,DDPG
2025-07-29,1416760.2433485198,-1.1013248751714826,-11013.248751714826,0.0,0.0,0,22.40553650931446,False,DDPG
2025-07-30,1413127.350492976,-0.3632892855543876,-3632.892855543876,0.0,0.0,0,32.39546426754695,False,DDPG
2025-07-31,1399562.3282812373,-1.356502221173863,-13565.022211738631,0.0,0.0,0,23.936344955088156,False,DDPG
2025-08-01,1379693.8901392277,-1.9868438142009546,-19868.438142009545,0.0,0.0,0,51.08476570468615,False,DDPG
2025-08-04,1397613.2194016457,1.7919329262417976,17919.329262417974,0.0,0.0,0,73.55574951200633,False,DDPG
2025-08-05,1394343.0235323021,-0.32701958693435884,-3270.195869343588,0.0,0.0,0,23.706208257896627,False,DDPG
2025-08-06,1392425.18893661,-0.19178345956921114,-1917.8345956921114,0.0,0.0,0,30.930315689888825,False,DDPG
2025-08-07,1384457.0932049346,-0.7968095731675392,-7968.095731675392,0.0,0.0,0,79.5283778699318,False,DDPG
2025-08-08,1389019.28753873,0.45621943337954585,4562.194333795458,0.0,0.0,0,44.92402528351943,False,DDPG
2025-08-11,1382516.218785129,-0.6503068753601052,-6503.068753601052,0.0,0.0,0,33.16293631432844,False,DDPG
2025-08-12,1392935.7227061037,1.0419503920974675,10419.503920974676,0.0,0.0,0,21.866011301947083,False,DDPG
2025-08-13,1410356.474449368,1.7420751743264264,17420.751743264263,0.0,0.0,0,24.387393308184404,False,DDPG
2025-08-14,1410908.0668765826,0.05515924272146076,551.5924272146076,0.0,0.0,0,40.74157702455513,False,DDPG
2025-08-15,1426519.7894482522,1.5611722571669613,15611.722571669612,0.0,0.0,0,26.097109400809845,False,DDPG
2025-08-18,1426429.9014375978,-0.008988801065436565,-89.88801065436564,0.0,0.0,0,73.79918901664226,False,DDPG
2025-08-19,1426147.1251665188,-0.028277627107896844,-282.7762710789684,0.0,0.0,0,16.845619968210116,False,DDPG
2025-08-20,1424929.3691398313,-0.12177560266875663,-1217.7560266875662,0.0,0.0,0,22.083689004020588,False,DDPG
2025-08-21,1422180.030790649,-0.27493383491823914,-2749.338349182391,0.0,0.0,0,15.32849008543032,False,DDPG
2025-08-22,1444275.4577713711,2.209542698072223,22095.42698072223,0.0,0.0,0,20.692220948322937,False,DDPG
2025-08-25,1433142.6069806311,-1.1132850790739992,-11132.85079073999,0.0,0.0,0,25.76324870681077,False,DDPG
2025-08-26,1434861.5748311426,0.1718967850511428,1718.967850511428,0.0,0.0,0,10.4738775664426,False,DDPG
2025-08-27,1440962.7291352614,0.6101154304118828,6101.154304118827,0.0,0.0,0,12.739205414516498,False,DDPG
2025-08-28,1444554.9438022147,0.35922146669533106,3592.2146669533104,0.0,0.0,0,9.801853179307631,False,DDPG
2025-08-29,1446688.374325779,0.21334305235643405,2133.4305235643405,0.0,0.0,0,9.66448117260559,False,DDPG
2025-09-02,1438335.5281324568,-0.8352846193322214,-8352.846193322213,0.0,0.0,0,22.307195497575822,False,DDPG
2025-09-03,1435779.667443066,-0.25558606893909164,-2555.8606893909164,0.0,0.0,0,22.712867414732248,False,DDPG
2025-09-04,1443525.841552128,0.774617410906218,7746.17410906218,0.0,0.0,0,33.48705441104379,False,DDPG
2025-09-05,1438894.7985366022,-0.4631043015525909,-4631.043015525909,0.0,0.0,0,42.27843172335899,False,DDPG
2025-09-08,1446161.493200989,0.72666946643868,7266.6946643868,0.0,0.0,0,39.09155517627307,False,DDPG
2025-09-09,1454307.7772803537,0.8146284079364734,8146.284079364734,0.0,0.0,0,18.66162299305683,False,DDPG
2025-09-10,1443392.0728738736,-1.0915704406480073,-10915.704406480072,0.0,0.0,0,51.272094005759726,False,DDPG
2025-09-11,1460872.9570560618,1.7480884182188194,17480.884182188194,0.0,0.0,0,34.99044633393928,False,DDPG
2025-09-12,1448652.257868785,-1.2220699187276884,-12220.699187276883,0.0,0.0,0,26.07432985933993,False,DDPG
2025-09-15,1449765.2695674791,0.11130116986942012,1113.0116986942012,0.0,0.0,0,25.281906004627487,False,DDPG
2025-09-16,1441633.2163050529,-0.8132053262426285,-8132.053262426285,0.0,0.0,0,7.277344593031685,False,DDPG
2025-09-17,1447655.4295591488,0.6022213254095987,6022.2132540959865,0.0,0.0,0,14.51217559610716,False,DDPG
2025-09-18,1448992.6986414688,0.1337269082319923,1337.2690823199227,0.0,0.0,0,31.50604357170962,False,DDPG
2025-09-19,1456236.233402263,0.7243534760794137,7243.534760794137,0.0,0.0,0,35.90945710979476,False,DDPG
2025-09-22,1458183.6047930277,0.19473713907648343,1947.3713907648344,0.0,0.0,0,30.99245876863585,False,DDPG
2025-09-23,1453627.1855351438,-0.4556419257883914,-4556.419257883914,0.0,0.0,0,43.096864953033275,False,DDPG
2025-09-24,1450976.639104126,-0.2650546431017807,-2650.5464310178068,0.0,0.0,0,19.094251883689395,False,DDPG
2025-09-25,1445005.980896477,-0.5970658207649132,-5970.658207649132,0.0,0.0,0,14.438803042655795,False,DDPG
2025-09-26,1453226.6412349648,0.8220660338487942,8220.660338487942,0.0,0.0,0,33.22077115788441,False,DDPG
2025-09-29,1457733.2398127723,0.45065985778074247,4506.598577807425,0.0,0.0,0,14.879932102350011,False,DDPG
2025-09-30,1460518.5326263797,0.27852928136074917,2785.2928136074916,0.0,0.0,0,23.753039793313494,False,DDPG
2025-10-01,1465903.546373764,0.5385013747384306,5385.013747384306,0.0,0.0,0,52.106944227950294,False,DDPG
2025-10-02,1469316.4492556714,0.34129028819072993,3412.902881907299,0.0,0.0,0,76.09025960385428,False,DDPG
2025-10-03,1473922.8927008563,0.4606443445184967,4606.443445184967,0.0,0.0,0,20.682049420122244,False,DDPG
2025-10-06,1473474.4055045894,-0.0448487196266884,-448.487196266884,0.0,0.0,0,12.494076947843508,False,DDPG
2025-10-07,1471464.7597713901,-0.20096457331993153,-2009.6457331993151,0.0,0.0,0,40.65438134144287,False,DDPG
2025-10-09,1471330.968897984,-0.10497822182704696,-1049.7822182704695,0.0,0.0,0,29.27899497494711,False,DDPG
2025-10-10,1440754.4764049572,-3.0576492493026657,-30576.492493026657,0.0,0.0,0,36.8115464544952,False,DDPG
2025-10-13,1456617.3991283944,1.5862922723437194,15862.922723437194,0.0,0.0,0,27.00985484826291,False,DDPG
2025-10-14,1457042.882097446,0.042548296905145985,425.4829690514598,0.0,0.0,0,19.140923127591485,False,DDPG
2025-10-15,1456392.6035797736,-0.06502785176723265,-650.2785176723264,0.0,0.0,0,102.57421373969828,False,DDPG
2025-10-16,1449383.1336793532,-0.7009469900420402,-7009.469900420401,0.0,0.0,0,34.34144156472899,False,DDPG
2025-10-17,1462911.167237272,1.3528033557918855,13528.033557918854,0.0,0.0,0,50.31682383478792,False,DDPG
2025-10-20,1480135.7770406976,1.7224609803425615,17224.609803425614,0.0,0.0,0,101.6441975079354,False,DDPG
2025-10-21,1491214.838547775,1.1079061507077423,11079.061507077422,0.0,0.0,0,17.975170643914364,False,DDPG
2025-10-22,1482411.2411706778,-0.8803597377097234,-8803.597377097234,0.0,0.0,0,108.91458234966464,False,DDPG
2025-10-23,1485501.1299170186,0.3089888746340759,3089.888746340759,0.0,0.0,0,25.49655290711835,False,DDPG
2025-10-24,1498452.1322815116,1.2951002364492976,12951.002364492975,0.0,0.0,0,67.84864555065393,False,DDPG
2025-10-27,1512192.9476549122,1.3740815373400692,13740.815373400692,0.0,0.0,0,63.949834921582344,False,DDPG
2025-10-28,1523901.0475010034,1.1708099846091122,11708.099846091121,0.0,0.0,0,15.25388077334,False,DDPG
2025-10-29,1509298.778820448,-1.4602268680555281,-14602.26868055528,0.0,0.0,0,54.719885823282425,False,DDPG
2025-10-30,1503323.1969240555,-0.5975581896392629,-5975.581896392629,0.0,0.0,0,156.94677925281582,False,DDPG
2025-10-31,1509927.8305450957,0.6604633621040267,6604.633621040266,0.0,0.0,0,63.54381341801227,False,DDPG
2025-11-03,1506125.9960255176,-0.3801834519578144,-3801.8345195781435,0.0,0.0,0,106.59611886437784,False,DDPG
2025-11-04,1493767.9550888482,-1.2358040936669334,-12358.040936669335,0.0,0.0,0,36.36640141626896,False,DDPG
2025-11-05,1500171.842416419,0.6403887327570701,6403.887327570701,0.0,0.0,0,50.52182737464038,False,DDPG
2025-11-06,1482502.0155179282,-1.766982689849078,-17669.826898490777,0.0,0.0,0,68.94502221104551,False,DDPG
2025-11-07,1487158.1911378643,0.46561756199360826,4656.1756199360825,0.0,0.0,0,30.211083026450883,False,DDPG
2025-11-10,1501059.826154962,1.3901635017097695,13901.635017097695,0.0,0.0,0,18.53528168642901,False,DDPG
2025-11-11,1520658.4842045237,1.9598658049561783,19598.65804956178,0.0,0.0,0,14.052773808867103,False,DDPG
2025-11-12,1529727.344629465,0.9068860424941173,9068.860424941173,0.0,0.0,0,27.485343998267076,False,DDPG
2025-11-13,1503425.6210349312,-2.6301723594533746,-26301.723594533745,0.0,0.0,0,39.69392303076164,False,DDPG
2025-11-14,1495091.136691804,-0.8334484343127115,-8334.484343127115,0.0,0.0,0,109.99499726265934,False,DDPG
2025-11-17,1476862.3410403589,-1.8228795651445167,-18228.795651445165,0.0,0.0,0,19.057761061051032,False,DDPG
2025-11-18,1458433.1833737777,-1.8429157666581217,-18429.157666581217,0.0,0.0,0,25.163000544522717,False,DDPG
2025-11-19,1457520.6395196815,-0.0912543854096206,-912.5438540962059,0.0,0.0,0,81.62744678487198,False,DDPG
2025-11-20,1444926.0638546618,-1.2594575665019685,-12594.575665019684,0.0,0.0,0,30.44066059133724,False,DDPG
2025-11-21,1464211.98622292,1.928592236825824,19285.922368258238,0.0,0.0,0,65.57911578642762,False,DDPG
2025-11-24,1469376.5067362757,0.5164520513355733,5164.520513355732,0.0,0.0,0,30.417985652667355,False,DDPG
2025-11-25,1490088.299262028,2.0711792525752215,20711.792525752215,0.0,0.0,0,51.040359093884085,False,DDPG
2025-11-26,1495284.1004386523,0.5195801176624373,5195.801176624373,0.0,0.0,0,34.658799434929946,False,DDPG
2025-11-28,1504926.2211430012,0.9642120704348898,9642.120704348898,0.0,0.0,0,16.6439540998065,False,DDPG
2025-12-01,1491765.9686563883,-1.3160252486612882,-13160.252486612882,0.0,0.0,0,12.726336639221856,False,DDPG
2025-12-02,1490806.6579233143,-0.09593107330740895,-959.3107330740895,0.0,0.0,0,28.854597107532317,False,DDPG
2025-12-03,1504182.5749061392,1.3375916982824916,13375.916982824916,0.0,0.0,0,54.445938847232405,False,DDPG
2025-12-04,1505456.81209215,0.1274237186010927,1274.237186010927,0.0,0.0,0,39.27629495857744,False,DDPG
2025-12-05,1505468.1611931857,0.0011349101035622881,11.34910103562288,0.0,0.0,0,30.799934391888595,False,DDPG
2025-12-08,1497801.0275974355,-0.7667133595750202,-7667.1335957502015,0.0,0.0,0,40.3331133573004,False,DDPG
2025-12-09,1489401.8845471537,-0.8399143050281797,-8399.143050281797,0.0,0.0,0,46.338631961806925,False,DDPG
2025-12-10,1505713.3700549933,1.6311485507839594,16311.485507839592,0.0,0.0,0,93.58226149236071,False,DDPG
2025-12-11,1518303.7410548725,1.2590370999879203,12590.370999879204,0.0,0.0,0,49.53589152611215,False,DDPG
2025-12-12,1516879.1047746295,-0.14246362802430523,-1424.6362802430522,0.0,0.0,0,66.71637501990885,False,DDPG
2025-12-15,1517285.8075143932,0.040670273976377215,406.7027397637721,0.0,0.0,0,26.047317218052797,False,DDPG
2025-12-16,1507998.233903321,-0.9287573611072265,-9287.573611072265,0.0,0.0,0,26.13123821760052,False,DDPG
2025-12-17,1504497.9246328152,-0.35003092705057937,-3500.3092705057934,0.0,0.0,0,21.17883681675798,False,DDPG
2025-12-18,1505433.3134297214,0.09353887969062198,935.3887969062198,0.0,0.0,0,28.98846367474967,False,DDPG
2025-12-19,1506614.2975757068,0.11809841459854506,1180.9841459854506,0.0,0.0,0,17.960046997237747,False,DDPG
2025-12-22,1515344.8093899647,0.8730511814257829,8730.511814257829,0.0,0.0,0,50.383344306889065,False,DDPG
2025-12-23,1518286.8255938217,0.2942016203857027,2942.0162038570265,0.0,0.0,0,27.50726766298306,False,DDPG
2025-12-24,1527120.4665599568,0.8833640966135078,8833.640966135077,0.0,0.0,0,9.989967210226954,False,DDPG
2025-12-26,1527738.9300982684,0.061846353831165476,618.4635383116547,0.0,0.0,0,7.435941228614147,False,DDPG
2025-12-29,1520726.648427544,-0.7012281670724507,-7012.2816707245065,0.0,0.0,0,7.095392843723077,False,DDPG
2025-12-30,1518953.1171204082,-0.17735313071357087,-1773.5313071357086,0.0,0.0,0,7.450297478738111,False,DDPG
2025-12-31,1508998.9485092422,-0.9954168611166068,-9954.168611166067,0.0,0.0,0,4.286974644303776,False,DDPG
2026-01-02,1503681.7251412154,-0.5317223368026782,-5317.223368026782,0.0,0.0,0,9.44232652619707,False,DDPG
2026-01-05,1516697.8010592186,1.3016075918003218,13016.075918003218,0.0,0.0,0,62.06075584889606,False,DDPG
2026-01-06,1540979.1255792063,2.4281324519987684,24281.324519987684,0.0,0.0,0,57.89576581644821,False,DDPG
2026-01-07,1532540.7538174933,-0.8438371761712945,-8438.371761712944,0.0,0.0,0,37.98529923463193,False,DDPG
2026-01-09,1543497.8996584197,0.14582292262492702,1458.2292262492701,0.0,0.0,0,53.73970690679282,False,DDPG
2026-01-12,1538515.4044630486,-0.4982495195371099,-4982.495195371099,0.0,0.0,0,40.45051457274912,False,DDPG
2026-01-13,1519805.6487126318,-1.8709755750416779,-18709.755750416778,0.0,0.0,0,60.10514349560986,False,DDPG
2026-01-14,1518303.5351391637,-0.15021135734680574,-1502.1135734680574,0.0,0.0,0,93.939073055734,False,DDPG
2026-01-15,1516170.2898820804,-0.21332452570833266,-2133.2452570833266,0.0,0.0,0,20.90743741305318,False,DDPG
2026-01-16,1518714.2062979604,0.2543916415879969,2543.9164158799686,0.0,0.0,0,44.69832734519,False,DDPG
2026-01-20,1489833.1092968015,-2.8881097001158866,-28881.097001158865,0.0,0.0,0,38.16213395715244,False,DDPG
2026-01-21,1510144.872302226,2.0311763005424526,20311.763005424524,0.0,0.0,0,71.24106135402418,False,DDPG
2026-01-22,1521912.4120321749,1.1767539729948855,11767.539729948854,0.0,0.0,0,34.28003031334408,False,DDPG
2026-01-23,1523362.10294585,0.14496909136751202,1449.69091367512,0.0,0.0,0,37.821290508506706,False,DDPG
2026-01-26,1529484.9968365438,0.6122893890693784,6122.893890693783,0.0,0.0,0,33.55587768321075,False,DDPG
2026-01-27,1506480.6872083624,-2.3004309628181394,-23004.309628181392,0.0,0.0,0,24.40733112408433,False,DDPG
2026-01-28,1507414.0372267426,0.09333500183802099,933.3500183802098,0.0,0.0,0,73.27424714548738,False,DDPG
2026-01-29,1503097.6189981818,-0.4316418228560826,-4316.418228560826,0.0,0.0,0,23.952750785735734,False,DDPG
2026-01-30,1495072.9954187959,-0.8024623579385923,-8024.623579385923,0.0,0.0,0,145.39293439634696,False,DDPG
2026-02-02,1498461.300196786,0.33883047779900954,3388.3047779900953,0.0,0.0,0,166.19500889721786,False,DDPG
2026-02-03,1481570.3851666707,-1.6890915030115286,-16890.915030115284,0.0,0.0,0,101.05481219939637,False,DDPG
2026-02-04,1494171.613265016,1.2601228098345456,12601.228098345455,0.0,0.0,0,77.94600408255108,False,DDPG
2026-02-05,1472984.1064793542,-2.1187506785661916,-21187.506785661913,0.0,0.0,0,100.99049507131198,False,DDPG
2026-02-06,1499740.78477881,2.6756678299455903,26756.6782994559,0.0,0.0,0,46.467565542469714,False,DDPG
2026-02-09,1498655.5313057238,-0.10852534730862827,-1085.2534730862826,0.0,0.0,0,98.93058258883904,False,DDPG
2026-02-10,1495637.5476496909,-0.30179836560329426,-3017.9836560329427,0.0,0.0,0,40.14149515381968,False,DDPG
2026-02-11,1479044.5775472163,-1.659297010247456,-16592.97010247456,0.0,0.0,0,39.49753583837209,False,DDPG
2026-02-12,1464011.0336777992,-1.503354386941716,-15033.54386941716,0.0,0.0,0,70.65687086353631,False,DDPG
2026-02-13,1468606.393125725,0.45953594479258175,4595.359447925817,0.0,0.0,0,175.32276431947506,False,DDPG
2026-02-17,1469765.0633546184,0.1158670228893403,1158.670228893403,0.0,0.0,0,48.7588569915936,False,DDPG
2026-02-18,1478695.7410180643,0.8930677663445938,8930.677663445938,0.0,0.0,0,53.728194943374454,False,DDPG
2026-02-19,1470324.833540638,-0.8370907477426343,-8370.907477426343,0.0,0.0,0,24.092924337993654,False,DDPG
2026-02-20,1476824.6893281857,0.6499855787547771,6499.855787547771,0.0,0.0,0,17.897215443581796,False,DDPG
2026-02-23,1442733.1520595169,-3.409153726866888,-34091.53726866888,0.0,0.0,0,19.779727516128577,False,DDPG
2026-02-24,1450150.1961720274,0.7417044112510514,7417.0441125105135,0.0,0.0,0,138.47234429896665,False,DDPG
2026-02-25,1465292.0175642353,1.5141821392207873,15141.821392207872,0.0,0.0,0,16.227143762636057,False,DDPG
2026-02-26,1469420.875163991,0.4128857599755749,4128.857599755749,0.0,0.0,0,22.413092636633657,False,DDPG
2026-02-27,1463721.9977331278,-0.5698877430863213,-5698.877430863213,0.0,0.0,0,30.157515971744782,False,DDPG
2026-03-02,1459499.5378467543,-0.42224598863734863,-4222.459886373486,0.0,0.0,0,116.13308131186692,False,DDPG
2026-03-03,1452896.147345023,-0.6603390501731309,-6603.390501731308,0.0,0.0,0,29.692971284851723,False,DDPG
2026-03-04,1460881.1101070608,0.7984962762037758,7984.962762037758,0.0,0.0,0,32.15346075492004,False,DDPG
2026-03-05,1447589.9174003033,-1.3291192706757458,-13291.192706757456,0.0,0.0,0,25.390943939847272,False,DDPG
2026-03-06,1436041.2514555575,-1.1548665944745764,-11548.665944745764,0.0,0.0,0,42.72271854349243,False,DDPG
2026-03-09,1442201.9635332457,0.6160712077688193,6160.712077688193,0.0,0.0,0,18.71579903290413,False,DDPG
2026-03-10,1436330.785830887,-0.5871177702358691,-5871.177702358691,0.0,0.0,0,39.4108118930203,False,DDPG
2026-03-11,1432474.1732211956,-0.3856612609691452,-3856.612609691452,0.0,0.0,0,22.63659244194979,False,DDPG
2026-03-12,1415345.0466036906,-1.7129126617504984,-17129.126617504982,0.0,0.0,0,19.582520891589574,False,DDPG
2026-03-13,1411612.432151636,-0.3732614452054491,-3732.6144520544913,0.0,0.0,0,55.921905414164016,False,DDPG
2026-03-16,1422737.2685558295,1.1124836404193426,11124.836404193426,0.0,0.0,0,14.16434054219441,False,DDPG
2026-03-17,1422344.7417747024,-0.039252678112708966,-392.52678112708963,0.0,0.0,0,14.413961532736115,False,DDPG
2026-03-18,1399111.3425655991,-2.3233399209103314,-23233.399209103314,0.0,0.0,0,21.512876852618984,False,DDPG
2026-03-19,1392593.5253702803,-0.6517817195318872,-6517.817195318872,0.0,0.0,0,27.363972336956692,False,DDPG
2026-03-20,1373729.1559193146,-1.8864369450965663,-18864.369450965663,0.0,0.0,0,11.95061581423409,False,DDPG
2026-03-23,1386324.2844298235,1.259512851050892,12595.12851050892,0.0,0.0,0,28.892057075748266,False,DDPG
2026-03-24,1375039.6065613872,-1.1284677868436324,-11284.677868436323,0.0,0.0,0,25.865786987689855,False,DDPG
2026-03-25,1387427.9750719906,1.238836851060344,12388.368510603439,0.0,0.0,0,25.13444312582931,False,DDPG
2026-03-26,1377676.243934551,-0.9751731137439609,-9751.731137439609,0.0,0.0,0,19.91617999000028,False,DDPG
2026-03-27,1351030.4248421653,-2.6645819092385703,-26645.8190923857,0.0,0.0,0,20.00493160829202,False,DDPG
2026-03-30,1359003.8803160656,0.7973455473900307,7973.455473900307,0.0,0.0,0,23.676531359505088,False,DDPG
2026-03-31,1386614.8509468287,2.76109706307631,27610.9706307631,0.0,0.0,0,25.12482690604281,False,DDPG
2026-04-01,1389238.0781458097,0.26232271989809813,2623.227198980981,0.0,0.0,0,30.626102002357264,False,DDPG
2026-04-02,1390024.3142071636,0.0786236061353935,786.2360613539349,0.0,0.0,0,108.45003087542922,False,DDPG
2026-04-06,1392077.1727843368,0.20528585771732033,2052.8585771732032,0.0,0.0,0,16.390040432946243,False,DDPG
2026-04-07,1395309.2898853598,0.3232117101022974,3232.1171010229737,0.0,0.0,0,15.878372885546812,False,DDPG
2026-04-08,1423411.3781788864,2.8102088293526557,28102.088293526554,0.0,0.0,0,31.42195102954647,False,DDPG
2026-04-09,1430703.594326494,0.7292216147607659,7292.216147607658,0.0,0.0,0,65.99859718959914,False,DDPG
2026-04-13,1437723.7064080972,1.764245581313176,17642.45581313176,0.0,0.0,0,17.307858430510993,False,DDPG
2026-04-14,1448621.5317965653,1.0897825388468103,10897.825388468103,0.0,0.0,0,39.67366934885395,False,DDPG
2026-04-15,1454991.0222212502,0.6369490424684948,6369.490424684948,0.0,0.0,0,29.585500016084524,False,DDPG
2026-04-16,1462951.7301446593,0.7960707923409064,7960.707923409063,0.0,0.0,0,35.28639175695144,False,DDPG
2026-04-17,1484661.2169992984,2.1709486854639137,21709.486854639137,0.0,0.0,0,45.21398091304883,False,DDPG
2026-04-20,1478733.2666215473,-0.5927950377751142,-5927.950377751142,0.0,0.0,0,29.191759632999904,False,DDPG
2026-04-21,1476291.1935283984,-0.244207309314888,-2442.0730931488797,0.0,0.0,0,28.28024900378083,False,DDPG
2026-04-22,1484898.2572870296,0.8607063758631237,8607.063758631237,0.0,0.0,0,46.0190253530192,False,DDPG
2026-04-23,1460018.4260817661,-2.48798312052635,-24879.8312052635,0.0,0.0,0,30.134000955295605,False,DDPG
2026-04-24,1463675.6611316702,0.3657235049904091,3657.235049904091,0.0,0.0,0,65.11354668480777,False,DDPG
2026-04-27,1460084.2344048908,-0.3591426726779435,-3591.4267267794344,0.0,0.0,0,45.34798111871942,False,DDPG
2026-04-28,1462735.7436835822,0.2651509278691374,2651.5092786913738,0.0,0.0,0,39.457216556939414,False,DDPG
2026-04-29,1456209.279314259,-0.6526464369323105,-6526.464369323105,0.0,0.0,0,62.19310874478485,False,DDPG
2026-04-30,1461557.1450545092,0.5347865740250097,5347.865740250097,0.0,0.0,0,147.95521138315104,False,DDPG
2026-05-01,1456214.6335677414,-0.5342511486767791,-5342.511486767791,0.0,0.0,0,79.93508691807241,False,DDPG
2026-05-04,1447780.878569969,-0.8433754997772398,-8433.754997772397,0.0,0.0,0,55.49464113437189,False,DDPG
2026-05-05,1447551.9726816933,-0.0228905888275709,-228.905888275709,0.0,0.0,0,24.882497333338232,False,DDPG
2026-05-06,1463982.1139826996,1.6430141301006311,16430.14130100631,0.0,0.0,0,20.302062044991075,False,DDPG
2026-05-07,1463769.7803050035,-0.021233367769606413,-212.33367769606411,0.0,0.0,0,69.01287161486354,False,DDPG
2026-05-08,1460379.2565065743,-0.3390523798429175,-3390.5237984291743,0.0,0.0,0,23.851451138450024,False,DDPG
2026-05-11,1453751.420037622,-0.6627836468952243,-6627.836468952242,0.0,0.0,0,41.25648978889527,False,DDPG
2026-05-12,1458244.6586986668,0.44932386610447433,4493.238661044743,0.0,0.0,0,46.95093700460447,False,DDPG
2026-05-13,1456556.411301985,-0.16882473966819234,-1688.2473966819232,0.0,0.0,0,22.668537179072377,False,DDPG
2026-05-14,1468673.8380109984,1.2117426709013526,12117.426709013525,0.0,0.0,0,45.94945955798242,False,DDPG
2026-05-15,1459531.2678065863,-0.9142570204412099,-9142.570204412099,0.0,0.0,0,104.44288943087147,False,DDPG
2026-05-18,1468634.3116545877,0.9103043848001399,9103.043848001398,0.0,0.0,0,40.504563911475735,False,DDPG
2026-05-19,1468434.9055625482,-0.019940609203954227,-199.40609203954224,0.0,0.0,0,36.39092334639857,False,DDPG
