date,A2C,PPO,DDPG,Ensemble
2023-01-04,1001360.1519032607,1000670.6469522169,999484.9588244437,1001360.1519032608
2023-01-05,993435.2557938659,1000146.5406086518,988577.4202033042,993435.255793866
2023-01-06,1004213.0374177042,1003194.8863805584,1005140.4683912275,1004213.0374177042
2023-01-09,1005440.1645428024,1001155.1026174645,1004586.1238313424,1005440.1645428024
2023-01-10,1007481.3462302648,1002076.8460614262,1007667.7109215059,1007481.3462302648
2023-01-11,1020899.7238763551,1003952.9563428457,1019555.3440541361,1020899.7238763552
2023-01-12,1027607.2509857377,1006823.3459805098,1024829.837496751,1027607.2509857377
2023-01-13,1029907.6757243592,1007724.4824127732,1027334.8361173773,1029907.6757243592
2023-01-17,1015013.5154969157,1003050.2771895073,1022310.8136666979,1015013.5154969158
2023-01-18,995820.7697212979,994857.5473580199,1001117.301126017,995820.769721298
2023-01-19,988489.5578924988,990711.5893531344,993800.4836489633,988489.5578924988
2023-01-20,1000062.3348256865,995640.8478957622,1011614.9068252924,1000062.3348256864
2023-01-23,1012349.7127466893,1001455.5574592734,1018260.4947970256,1012349.7127466892
2023-01-24,1009423.1546841238,999824.4894283667,1021557.0884631022,1009423.1546841238
2023-01-25,1007921.6610815069,1000916.2887430529,1023394.0490024711,1007921.6610815068
2023-01-26,1022971.0632288388,1002168.434254094,1020336.2035030401,1022971.0632288388
2023-01-27,1021713.7416705159,1002138.3179523323,1024758.4437347092,1021713.741670516
2023-01-30,1014304.7921930976,989071.0481247888,1018247.1316399588,1014304.7921930978
2023-01-31,1033062.0421462735,1000721.3762661341,1032315.4467741426,1033062.0421462737
2023-02-01,1037989.0498344204,1007635.3087726532,1036564.9159855254,1037989.0498344204
2023-02-02,1041439.4945783658,1015106.7360510905,1035586.9444121511,1041439.494578366
2023-02-03,1030561.6623385567,1006449.5642985551,1026444.0654397001,1030561.6623385568
2023-02-06,1028313.5261606661,1000887.0758244566,1025329.7916335454,1028313.526160666
2023-02-07,1040344.9272139837,1009999.7660295896,1031195.0865752822,1040344.9272139836
2023-02-08,1034583.1865002709,1002639.7353238902,1026490.7547098501,1034583.1865002709
2023-02-09,1028153.3560244809,993213.9065157542,1021880.2294921592,1028153.3560244808
2023-02-10,1030378.8110886284,994132.9936755828,1023802.9037614834,1030378.8110886284
2023-02-13,1046407.6996766018,1006163.933757694,1036007.8013947152,1046407.6996766018
2023-02-14,1042766.0529880348,1001733.7244901197,1033072.8485253602,1042766.0529880348
2023-02-15,1045370.5255738571,1004662.9883156049,1033282.806620239,1045370.5255738574
2023-02-16,1029181.6519603136,991211.3866252799,1018161.7027559988,1029181.6519603136
2023-02-17,1031828.08889614,995301.6004552568,1025450.5001297162,1031828.08889614
2023-02-21,1010124.6867438869,971295.9446542971,1006694.2060701848,1010124.6867438868
2023-02-22,1006763.3343001995,970940.7514076243,1004698.4630251479,1006763.3343001996
2023-02-23,1011366.4157806652,971948.563049281,1008942.2878673195,1011366.4157806652
2023-02-24,999842.2695932875,960122.4058777094,996931.6484595193,999842.2695932876
2023-02-27,1002505.0452389849,963081.4527592927,998335.612284814,1002505.0452389847
2023-02-28,994607.1792210693,958151.1799841872,992539.997280698,994607.1792210692
2023-03-01,995558.0622529082,952956.6526242589,991624.9631199616,995558.0622529082
2023-03-02,1013053.6551326292,960386.2228385971,1005622.1333338504,1013053.6551326292
2023-03-03,1024294.2515579553,976844.6077042508,1015813.0448295344,1024294.2515579554
2023-03-06,1022362.1990211959,981423.881620226,1016129.8226744852,1022362.199021196
2023-03-07,1007930.3473297022,968713.4016465351,1002798.6578165819,1007930.3473297022
2023-03-08,1006744.3901245061,968761.8611306548,999481.828426902,1006744.390124506
2023-03-09,990568.7666908131,952964.4962978042,983939.1226761973,990568.7666908132
2023-03-10,978208.0583306218,945589.5710735647,975515.7005770947,978208.0583306218
2023-03-13,976182.6530662354,949180.676609484,977191.500714834,976182.6530662354
2023-03-14,990853.8289244038,958439.8734264735,990174.069218365,990853.8289244038
2023-03-15,983465.6942744062,956951.3814806431,988128.9715578991,983465.6942744062
2023-03-16,1002710.8976903985,969907.186518408,1003371.6669593612,1002710.8976903984
2023-03-17,991089.8722243705,960791.3468887501,991658.441159918,991089.8722243704
2023-03-20,998239.8287958461,972064.495639096,1001204.8896047266,998239.828795846
2023-03-21,1013142.4188375829,983238.0613997799,1011062.1722432764,1013142.4188375828
2023-03-22,993663.4420102432,965405.8235178083,994051.043818163,993663.4420102432
2023-03-23,996814.2222102842,969088.213328602,994990.2452950033,996814.2222102842
2023-03-24,1001506.3782188719,974176.7885661022,1001410.6985628663,1001506.378218872
2023-03-27,1002273.4511659428,971267.3620764263,1008546.3735494881,1002261.5235202448
2023-03-28,998964.0893882088,967776.5350345402,1002282.2183123732,998958.1916479118
2023-03-29,1010426.7408184157,984400.5053570904,1011786.812968541,1010424.629904664
2023-03-30,1013306.283436938,989799.2597757946,1015881.3224082021,1013283.370087372
2023-03-31,1028082.4910341253,1004322.294512833,1028891.8819938665,1028064.1291068746
2023-04-03,1031686.0993830473,1008544.5301761841,1038921.8951868617,1031671.3774931148
2023-04-05,1024714.424979506,1009465.2891893534,1044539.224452022,1024733.2426155437
2023-04-06,1028011.2057678641,1011306.365617443,1046499.7209762005,1027996.5056685844
2023-04-10,1031202.0487507915,1007804.1017994394,1048489.9322068524,1031218.5996604468
2023-04-11,1030383.2196986713,1005948.1333638809,1048086.193188194,1030441.9584320026
2023-04-12,1032982.9488406857,1001556.2892045834,1045305.3352348679,1033063.2582163226
2023-04-13,1048786.9737931823,1021724.5312250947,1060139.5458026465,1048802.6561260703
2023-04-14,1044426.7999176343,1017653.0510410261,1055479.370460067,1044434.9036789908
2023-04-17,1050315.4074786971,1023569.2796909646,1057433.4422913594,1050350.064726681
2023-04-18,1051054.8684777636,1021395.3452660223,1056225.8943917328,1051138.9625180468
2023-04-19,1053000.2328747264,1029318.3696176015,1050378.9910145202,1053029.079298386
2023-04-20,1047761.1172832432,1023950.2794902477,1046600.9680255654,1047691.2758481489
2023-04-21,1056009.361905763,1023320.8990683863,1048104.0295959472,1055879.0226670364
2023-04-24,1055227.8853886414,1026914.7475218303,1048576.082860724,1055217.8534372183
2023-04-25,1041760.5148460008,1018096.3237208113,1039922.8558586988,1041510.7616868808
2023-04-26,1045267.501835187,1008615.3502314704,1034043.2830140047,1045071.39010272
2023-04-27,1066840.3521403254,1033162.7290996304,1053841.0094098828,1066624.1401044363
2023-04-28,1073534.3350714345,1041284.3516361522,1060229.331113349,1073393.4292164594
2023-05-01,1075843.3233485003,1030742.529212328,1058619.6847653585,1075702.7452089423
2023-05-02,1069978.3034852974,1026567.2472579126,1051454.683883417,1069657.8392472598
2023-05-03,1066337.8347789901,1022474.3193135172,1043436.6331414251,1065946.7901429534
2023-05-04,1058005.8094602432,1010607.8477716884,1036421.8596721132,1057363.874789202
2023-05-05,1074398.8978625878,1034745.3853652487,1052637.751632939,1073962.6412502164
2023-05-08,1073328.938356394,1034247.0540422616,1052045.4292882746,1072875.5258588917
2023-05-09,1069403.6723840528,1027634.347475101,1049674.094964595,1068905.5083164647
2023-05-10,1071729.446593658,1035049.2827852691,1052408.3022033104,1071025.5823154822
2023-05-11,1065968.612208027,1036012.600774551,1044724.6503005605,1065164.68979081
2023-05-12,1061202.557721204,1027399.8578414224,1042635.9191281386,1060221.6875679768
2023-05-15,1061159.033236498,1025167.9131668241,1043299.7064929362,1060246.7718902193
2023-05-16,1052492.6477527074,1015412.6231179,1035104.4004990421,1051304.6170807993
2023-05-17,1060389.840328317,1031556.1371869817,1048185.7961530207,1059547.1275516332
2023-05-18,1069628.770552132,1050555.3403503257,1055134.9498224813,1069005.9447476575
2023-05-19,1059584.936289976,1048537.7074090224,1051626.582319359,1058499.9234085225
2023-05-22,1046475.9830414134,1041851.3802993748,1048610.8561664263,1045112.933325626
2023-05-23,1033978.7100469987,1028993.5795784594,1039214.4647108121,1032633.61583487
2023-05-24,1029115.974794064,1031495.4887482794,1036845.408359146,1027718.104452818
2023-05-25,1032278.6494262164,1027559.1850108407,1038157.8505493122,1030846.5275975805
2023-05-26,1040996.6220218445,1042205.3931898006,1051191.0803352045,1039663.909229286
2023-05-30,1037416.1736200724,1044368.6129366779,1052185.2175946336,1036151.1239828984
2023-05-31,1033480.120350643,1040593.6254278778,1053598.5171165834,1032000.8961026444
2023-06-01,1031253.7462067073,1063066.2381211082,1059607.5786057068,1029610.3627462616
2023-06-02,1051061.6956087502,1082457.1064163644,1077153.5170131815,1049716.8864860376
2023-06-05,1043331.2256826549,1076610.6702366627,1074719.1783086043,1041692.920409162
2023-06-06,1042597.7881234477,1078146.316641831,1071601.686625598,1041286.8196519504
2023-06-07,1034823.7609130684,1074650.008722663,1062367.3470293218,1033736.82738491
2023-06-08,1040234.663844845,1087002.736723508,1071527.6638690752,1038887.1295450326
2023-06-09,1044750.2860293344,1081191.8376908868,1074290.776454665,1043297.250756474
2023-06-12,1048418.0388768567,1098213.1635968008,1080027.0313240765,1047102.1528487398
2023-06-13,1049519.419876929,1104356.5893436803,1084043.9073836715,1048165.4635527604
2023-06-14,1064237.8153311836,1102083.4608411028,1073979.110178691,1063371.8864020407
2023-06-15,1077258.7983684929,1116964.5406554984,1088945.6641557347,1076220.1417731629
2023-06-16,1075066.1217163936,1110647.493573033,1082627.9611652389,1074177.0785484803
2023-06-20,1064084.478180385,1109421.5351008174,1083111.5935743526,1062851.2546568548
2023-06-21,1060156.876955369,1104339.8132717612,1079314.7604444835,1058898.4609935717
2023-06-22,1069500.0873930287,1109761.7986249072,1085201.1502850815,1068085.4979121918
2023-06-23,1060956.0494977052,1108945.5442161402,1078054.4338983495,1059461.041885472
2023-06-26,1060075.412961618,1116215.4243066802,1076605.1888592872,1058931.2083736171
2023-06-27,1070341.9675362373,1133128.7584811852,1085234.1775429607,1069352.4312316335
2023-06-28,1069924.494417873,1133314.652970052,1082252.5137550964,1068870.3343864584
2023-06-29,1071685.8734931992,1146732.0199998093,1089638.4587495863,1070658.7258270304
2023-06-30,1076470.0496826437,1165770.8947974122,1099776.7032021347,1074978.7371941763
2023-07-03,1073814.3983419165,1160962.6461289087,1097623.4758699886,1072249.3540235292
2023-07-05,1069688.2908431706,1146335.673127228,1093034.0637495606,1067990.5586889514
2023-07-07,1048791.2112209476,1133926.0464313845,1074348.9714948325,1047513.7784029212
2023-07-10,1053461.3167670467,1132815.693347829,1079757.3612838963,1051744.9432231158
2023-07-11,1060525.9747811235,1145756.2208483682,1088835.5644742367,1060544.186368782
2023-07-12,1066405.2904944033,1153588.1726341948,1089950.9669228955,1067916.3189696549
2023-07-13,1071215.3402537727,1165081.8541083485,1096084.2690555153,1072195.4481742107
2023-07-14,1072812.5788730723,1166070.7657680102,1107365.109038983,1073231.9185963783
2023-07-17,1075338.5174504695,1167539.9800966508,1109866.8120185342,1074191.7088515742
2023-07-18,1084168.8951723902,1169283.133780086,1121919.2205478114,1084855.0788263555
2023-07-19,1082743.7268539174,1175346.2811280761,1126561.5997229796,1086673.351664019
2023-07-20,1076625.3479210236,1167544.9470318002,1125598.619534024,1080444.2569996133
2023-07-21,1080770.9122010218,1169755.0251625762,1125620.946950439,1084881.5200939414
2023-07-24,1081720.3735969116,1167353.725952724,1125430.3438859875,1086317.7546380362
2023-07-25,1083675.7484324167,1188946.8052178433,1130145.5638833526,1089868.0912507167
2023-07-26,1075394.263060984,1201528.1174223558,1127227.1204414757,1084881.0352277127
2023-07-27,1049733.0371901991,1186672.69734057,1117126.7716980954,1067901.4707993944
2023-07-28,1058401.3067361088,1201891.5155263902,1122984.5538927186,1081184.6025004731
2023-07-31,1060605.9832282327,1195601.195647508,1122272.3108019237,1080539.327233117
2023-08-01,1056583.3877741876,1201265.546022479,1120508.7348389481,1078046.1248253724
2023-08-02,1043541.0897174358,1187362.8756893168,1109889.4425515847,1066626.498214003
2023-08-03,1043633.4588392519,1175396.7787551,1106590.2960695757,1066190.2429740804
2023-08-04,1042056.4746470789,1175359.469170188,1110630.0160760465,1065235.9648383416
2023-08-07,1052014.8924452881,1179851.1658668856,1124699.2581019925,1077700.9139614066
2023-08-08,1043781.8580666846,1173804.4817790403,1118689.346175759,1073649.575817564
2023-08-09,1042768.0262910909,1166628.7337807866,1109302.4836717672,1070860.3338297196
2023-08-10,1041737.04501461,1170222.0476024286,1113721.2646899342,1069872.264197671
2023-08-11,1041398.7232896006,1175234.5476915184,1116822.0268889535,1070416.443797896
2023-08-14,1041973.9290587942,1183852.6734692324,1122196.4268709654,1068865.5734992237
2023-08-15,1033344.9555248399,1171535.5668887491,1113358.292919679,1061766.9531521453
2023-08-16,1031100.2251665171,1162892.4797215126,1105979.2568154815,1058043.0142942176
2023-08-17,1021751.3931049814,1151796.7215777447,1097156.2308650855,1047734.6428677269
2023-08-18,1023108.0220541407,1155493.6467987427,1099197.646995606,1048900.599186376
2023-08-21,1021807.8498178697,1155560.99326062,1101740.4733228227,1045946.0891259428
2023-08-22,1015395.4791820869,1153040.5871182897,1093820.6658271025,1041973.5755434016
2023-08-23,1015639.6893779442,1159616.4816383398,1098547.7099526825,1043648.851499632
2023-08-24,1002219.9541109202,1147531.0272979871,1088338.7273286283,1033673.9314572983
2023-08-25,1011375.2335040895,1140413.8886919406,1093350.8480019658,1040604.3025515048
2023-08-28,1016173.1310763031,1149731.9969076344,1096954.2425074512,1044003.5062420932
2023-08-29,1029444.81711577,1165515.6054541578,1105350.30919002,1054761.3146557952
2023-08-30,1030474.585628585,1163896.1978552418,1105558.2264307141,1055793.4908211485
2023-08-31,1026937.2315050843,1167539.1991820873,1100114.9536761877,1054825.7444159477
2023-09-01,1031237.8632396653,1176598.4432156163,1102002.2335153287,1057418.4591150002
2023-09-05,1022706.461993272,1163213.008190146,1097552.1613382779,1049905.8853546758
2023-09-06,1020472.5616527519,1156530.6814887435,1090523.5351878088,1047027.9941568284
2023-09-07,1012450.6512378844,1159974.1246396315,1095741.587944537,1047131.4850108542
2023-09-08,1016227.5797531491,1161351.4112955437,1100040.970909818,1049785.6031440685
2023-09-11,1018922.0425935248,1171756.7150905188,1106418.3771741895,1056937.5965372007
2023-09-12,1015619.24959783,1160756.0746198134,1101991.3423320972,1048051.7565893688
2023-09-13,1020705.2947704123,1155505.360518042,1103967.6443840456,1052305.8622629442
2023-09-14,1027816.3484257349,1160415.6055055293,1112146.8047552262,1061049.1346116285
2023-09-15,1016461.5783250197,1145370.4837189077,1100995.5004722662,1048701.3335815936
2023-09-18,1015983.5235111673,1135730.849745829,1099088.245866773,1048130.8701006052
2023-09-19,1013109.9267077353,1137286.3062645944,1095994.6930952966,1046097.6224862027
2023-09-20,1004223.4410631083,1130407.3061574763,1096892.7793487855,1041712.6975412156
2023-09-21,988689.9364055812,1111019.694633124,1085520.7790834624,1029940.0811062944
2023-09-22,982242.7399078812,1108106.3109207381,1082833.3779753782,1024905.483004942
2023-09-25,982996.2589868642,1108919.3965989237,1085520.9785083313,1023801.3133453284
2023-09-26,971009.8390366636,1098251.3833413457,1072150.6898072665,1015082.1428840924
2023-09-27,967384.8074921418,1085884.3672734657,1067921.071902797,1008510.6626086148
2023-09-28,968775.0540333537,1098952.973990071,1074374.2645756968,1009713.5817011108
2023-09-29,984411.026142855,1094003.7405330008,1070392.4979732137,1014846.881946326
2023-10-02,983096.7908994313,1083430.6046411945,1073480.4036398546,1013959.229195924
2023-10-03,974410.0062375653,1067337.1558375792,1057541.953828116,1006053.3373255116
2023-10-05,979697.8372208144,1081213.3689667243,1068308.8590392675,1011776.1670660308
2023-10-06,995515.9882342245,1087415.5917039448,1082237.7408240158,1020726.6545504944
2023-10-09,998406.8179000507,1083369.0541849288,1085620.9013593937,1021873.8995972964
2023-10-10,1000838.883456165,1092541.0925494959,1087051.4335663083,1024969.7246639526
2023-10-11,1006480.2178240691,1096558.4796754122,1094000.690984718,1029607.758247486
2023-10-12,1003643.1367062319,1079146.7078743326,1088210.5839979004,1028986.9241301708
2023-10-13,1011454.9913209332,1073322.3339357113,1089961.1867225466,1034194.4902553264
2023-10-16,1022719.2570520919,1091195.911030277,1100634.875316723,1044758.1056961603
2023-10-17,1025721.6762994789,1095503.502737804,1100261.6600224406,1044711.7782375884
2023-10-18,1023891.5579072346,1063261.636205416,1087710.6434729313,1041710.2189625932
2023-10-19,1017750.5646300972,1051684.900735638,1082859.9215996892,1036146.3534774504
2023-10-20,1011750.0989028463,1036482.5363183006,1071377.7345626596,1027980.4892735158
2023-10-23,1007192.0125588693,1040040.0340631044,1067744.5501788077,1026291.4183192572
2023-10-24,1022554.8881536145,1046254.6168130138,1073302.0664634376,1033168.306705184
2023-10-25,1017876.3169571362,1048075.1039809062,1069481.3492859798,1041012.4762220592
2023-10-26,1003697.9727570239,1045418.5504639405,1061479.5813084086,1023487.4460037926
2023-10-27,993449.8190103025,1031932.2844979945,1056024.797219797,1014627.3085538507
2023-10-30,1015031.5252678476,1041271.971660986,1069567.4619487375,1030621.8413640998
2023-10-31,1026449.1470499597,1048503.9845498556,1077096.6114992083,1037398.5388528046
2023-11-01,1020007.5130187117,1053409.662767971,1082908.652907366,1038608.701057262
2023-11-02,1040006.4963270209,1079080.792724012,1100079.9736929452,1055074.17251865
2023-11-03,1045287.6484558457,1095250.6853114008,1107419.2629519217,1060945.204912615
2023-11-06,1046026.7415723256,1093000.1531400997,1111567.8024199284,1066153.6865644148
2023-11-07,1055061.5499382233,1094593.4101454408,1117496.0779258467,1075079.5477539862
2023-11-08,1051553.0611237674,1100954.7092695117,1118545.861777015,1077786.2906405116
2023-11-09,1044759.4289942536,1090531.2960390649,1112761.3038882976,1069402.1139068748
2023-11-10,1047848.7753884902,1103828.6822414056,1123932.0707612769,1078227.171732303
2023-11-13,1043411.3018056457,1102021.019967811,1123072.2089406853,1073677.4893095964
2023-11-14,1051064.0014459072,1134071.4240983047,1139038.7851792017,1083330.6588641307
2023-11-15,1056397.1348836292,1138284.4035254307,1140113.008017193,1085651.9037270627
2023-11-16,1054943.727076622,1146908.68944817,1146251.6136031467,1093026.12419412
2023-11-17,1048070.4370334094,1154971.6596518897,1144126.5840578221,1083592.9781183037
2023-11-20,1049796.2467058566,1163039.8875563485,1152952.0160534347,1090145.1408496436
2023-11-21,1054417.082435771,1162077.0197676534,1150993.916896169,1090999.4824894876
2023-11-22,1062874.1884430898,1166578.7087706693,1158010.851920732,1100386.230721593
2023-11-24,1066173.458400656,1171576.60189887,1161792.7415539757,1103792.883237782
2023-11-27,1064619.488851449,1170318.6490973362,1159538.1720450353,1101343.3123494538
2023-11-28,1066988.0930821477,1171037.1053960687,1159073.8116956002,1102849.8406858053
2023-11-29,1067948.427567558,1175863.2194895744,1159764.5297290739,1099213.011156197
2023-11-30,1082630.7656370422,1194661.1336868603,1183165.1142720892,1117112.0203343644
2023-12-01,1093773.4586759359,1210874.719838,1192714.8848873207,1120740.5166528984
2023-12-04,1099867.6164888344,1208559.7370914614,1187595.3952855554,1120407.293690069
2023-12-05,1101249.467641009,1206219.1447705007,1189264.2653730279,1124278.058073193
2023-12-06,1103385.803848589,1208909.7959391675,1184715.3830195584,1122477.9587565972
2023-12-07,1098681.5849026043,1220686.377194716,1188303.9202424148,1123067.9618583247
2023-12-08,1098387.768098893,1217124.5091037115,1189617.3113328014,1126028.0864759127
2023-12-11,1109507.7077586278,1220221.98623949,1192860.5094206634,1125860.295785918
2023-12-12,1115568.367783016,1228585.2720488943,1201835.769639604,1133143.056287005
2023-12-13,1125596.4401810118,1253910.1107049226,1214972.281029846,1144037.482853133
2023-12-14,1115204.074663877,1279658.1261598184,1207148.6363418447,1128063.094949633
2023-12-15,1114079.9742905966,1286078.5895421072,1210358.8021605583,1130113.702875271
2023-12-18,1113149.632435392,1287826.324655329,1214482.8804692468,1127294.855109535
2023-12-19,1116076.3536477182,1294978.794582578,1216693.2017266639,1128862.9062727145
2023-12-20,1102879.4714671487,1275635.9317076248,1200506.8826244825,1115042.313544621
2023-12-21,1112392.1382633334,1288933.0572690645,1213929.844356493,1124993.5104611386
2023-12-22,1069485.447472716,1298759.8794904938,1214233.5538029925,1107616.732681046
2023-12-26,1072284.3143946424,1306860.3394925033,1217055.063435411,1108552.7570167028
2023-12-27,1073021.600549751,1311244.6412866088,1220545.3430059827,1110067.7501437478
2023-12-28,1080098.1786107104,1311886.5645659338,1223564.7012170525,1115436.9910142077
2023-12-29,1081502.629281422,1309574.0107901401,1222509.5880430378,1116366.9124384716
2024-01-02,1085498.4476482132,1302806.0211739629,1224010.1440562408,1120325.629205916
2024-01-03,1074920.109052171,1280617.1532489108,1216982.9526119828,1115555.274030506
2024-01-05,1065792.4184446512,1292305.091958641,1213132.9354552971,1107939.5498564236
2024-01-08,1070457.5378891844,1299161.9120796567,1226854.7408974504,1117239.3599139275
2024-01-09,1066419.7673103868,1291364.8903330322,1224174.325714855,1116118.2541534551
2024-01-10,1072051.1223257661,1291530.2734723424,1229513.1313091724,1121529.9755784343
2024-01-11,1076016.021664834,1285846.3831025218,1233809.2355805514,1126346.2602055492
2024-01-12,1073242.6500908816,1287395.6303030502,1231077.5930077152,1116972.887525207
2024-01-16,1059287.9933994752,1279694.4384979135,1224977.168454428,1108409.777762078
2024-01-17,1056378.8416023655,1269153.7047374626,1225588.6203050409,1111368.0068610893
2024-01-18,1062177.5741265325,1278508.6132519278,1231065.6813935558,1110773.3484312547
2024-01-19,1069690.3452992698,1290180.7099861891,1238387.4865563652,1105845.5568459765
2024-01-22,1066801.4455159376,1301596.1227419365,1244518.2429987083,1112198.224814959
2024-01-23,1076258.5216754996,1301769.1398939297,1245109.2613258413,1115969.1928209048
2024-01-24,1066390.0552021037,1295452.4221070893,1241337.219095645,1111392.6358298375
2024-01-25,1077721.6265566095,1321233.7460410218,1247470.8916580863,1100935.561299661
2024-01-26,1079373.2607269972,1336782.423664311,1254421.7730788416,1111395.8488259264
2024-01-29,1089219.1666204487,1345229.8191074273,1265622.1482040533,1120957.718042425
2024-01-30,1098542.2876959061,1353157.7517090305,1268265.4282579892,1120412.6672338413
2024-01-31,1078825.9531474055,1336085.423578632,1254743.1789861224,1113181.2368845732
2024-02-01,1079278.8982802704,1357276.6341811577,1266675.6067804988,1118048.7273275943
2024-02-02,1074052.1049359646,1372566.2997493125,1276099.0896647584,1123214.702353202
2024-02-05,1063008.0471531937,1375054.3267998162,1263886.191761482,1109156.2865662389
2024-02-06,1074391.2855966156,1379146.509259375,1267694.539598768,1120349.6932783974
2024-02-07,1080123.7863509492,1384245.1825792778,1273840.6789664223,1131073.7144076065
2024-02-08,1076748.8310740744,1383018.4646789948,1281827.671520095,1131795.5592390462
2024-02-09,1081378.3512397616,1374791.387061811,1284398.9198635952,1135123.564647813
2024-02-12,1093024.4183500702,1384918.9166629366,1283064.5707734358,1136099.8140796742
2024-02-13,1080196.1533590555,1360247.2787272923,1268736.0514412003,1122887.841657838
2024-02-14,1087637.8878888693,1370344.5462444625,1278368.0618754746,1128938.3032391332
2024-02-15,1095318.1978132506,1388835.0992354671,1286125.0236745311,1131862.8601192746
2024-02-16,1084340.344183411,1384829.3353871042,1280602.5065767728,1124125.3506032648
2024-02-20,1085776.7304105088,1368983.106276018,1276769.9480700959,1124340.405888941
2024-02-21,1094293.8293033456,1376638.7072711422,1276478.2927306772,1129136.550095898
2024-02-22,1102382.762918258,1392712.0208769946,1299105.67028136,1142750.143624829
2024-02-23,1104664.0619247698,1398647.2866040927,1303245.0217014279,1145675.2342622834
2024-02-26,1098170.9430760825,1400541.886290595,1302333.3716479698,1139883.4479130225
2024-02-27,1097841.2036965443,1406390.6910440698,1296897.135363492,1132175.5125495435
2024-02-28,1096668.8788074264,1410900.2326504348,1292157.3759819774,1120440.4328372432
2024-02-29,1095672.3971080047,1422115.587925119,1298686.9995511821,1120612.9035803953
2024-03-01,1090737.0114609553,1428789.831460132,1305817.0883016398,1119300.0546731488
2024-03-04,1084853.4832101858,1431413.7193590421,1303874.685361262,1109217.916532681
2024-03-05,1077906.2399583415,1418755.0414658356,1285336.3841408356,1090079.5382514186
2024-03-06,1082460.5273364813,1423488.6885596828,1291178.7672308106,1089781.5116153029
2024-03-07,1084322.012975256,1438881.7530205785,1301587.9049111651,1103036.4034602053
2024-03-08,1086383.8387721663,1438178.5410428292,1298564.511065146,1100937.433472854
2024-03-11,1093368.4086650766,1428560.058166673,1301505.4944194988,1112947.0948719217
2024-03-12,1093989.7588992347,1440885.974905169,1312888.4185000337,1120892.141375614
2024-03-13,1100456.8666171315,1450755.3415515642,1306257.8906383482,1118401.635191887
2024-03-14,1090553.6083071236,1445122.932570146,1300878.2295292448,1121040.4032667156
2024-03-15,1086583.7405273304,1450682.512515714,1290746.5946839708,1114390.2885787282
2024-03-18,1085866.8027083687,1465117.008712418,1294575.8138541072,1111048.9093825598
2024-03-19,1095384.5579250923,1471709.7948926343,1304031.2161903877,1121183.7028010397
2024-03-20,1103178.154660266,1488920.3863911463,1316721.5775015242,1127727.4627602813
2024-03-21,1106717.629765126,1508707.173274401,1322243.2421816217,1132914.8324539547
2024-03-22,1077210.0829309018,1489174.0669483407,1315106.3316333864,1118223.6161770087
2024-03-25,1071293.3291523745,1483682.6225033517,1311068.119988767,1111406.5325605068
2024-03-26,1070938.150944438,1480950.527217259,1312629.5767805479,1114310.8096828058
2024-03-27,1084076.7721992296,1508546.5217294497,1323518.0801045415,1121880.235592947
2024-03-28,1084344.912795655,1514417.9299462787,1324725.946312721,1122261.358596814
2024-04-01,1073594.0015800516,1512964.8987213713,1316904.0686005284,1114197.0081080608
2024-04-02,1064400.952976983,1510863.1762243796,1297530.6274858397,1081950.579582105
2024-04-03,1058268.0843615723,1533057.9553316487,1294678.2369409897,1079679.8504066432
2024-04-04,1046782.8126314487,1505509.0117493973,1273647.9955191794,1067881.778268201
2024-04-08,1055824.6038564504,1518621.750111587,1285533.7927766377,1075717.250939743
2024-04-09,1060211.2384383576,1511572.6448372097,1288725.9790251558,1082373.535785735
2024-04-10,1046077.5711618037,1506100.224683274,1271381.0880455396,1062078.389892179
2024-04-11,1058221.5722402744,1505174.994693528,1273114.936517639,1063498.5017391918
2024-04-12,1055393.1851797204,1487143.0055946342,1257132.372397828,1055702.6095022324
2024-04-15,1049843.6574376032,1484594.398082592,1243408.9842778249,1054474.799374001
2024-04-16,1046072.5619019552,1473652.9148834532,1250274.943928598,1069368.120845859
2024-04-17,1052032.847893373,1470965.039287735,1252111.636547722,1077943.5506390997
2024-04-18,1054317.5181372943,1473037.7572567377,1253073.4783409487,1085140.2541250368
2024-04-19,1053571.5046815989,1491868.1983526624,1259162.8010729742,1088650.8476909192
2024-04-22,1058511.6356632817,1497724.2778555662,1265323.3398901422,1084509.0195865843
2024-04-23,1061540.7110337568,1522179.5897551873,1270680.5902646938,1083656.860448148
2024-04-24,1063363.951389444,1521675.969897593,1270459.1620601718,1086431.0444799503
2024-04-25,1059246.0424830897,1463586.3417700194,1260310.1804300619,1082308.8364787323
2024-04-26,1059139.8676009206,1473046.4825274837,1266278.4548333266,1088715.257192277
2024-04-29,1054815.2832000013,1492833.8630610344,1266725.602869637,1083358.4868975957
2024-04-30,1042076.9855940009,1453516.8785313396,1246495.82374366,1063117.0483763362
2024-05-01,1037481.090265261,1446044.0236688373,1252342.0969492109,1068101.3043348908
2024-05-02,1041953.1857195365,1454411.8850895062,1262148.5783300933,1080496.107872204
2024-05-03,1045743.1325420986,1454245.4933000202,1277927.248320649,1094819.0493710372
2024-05-06,1055304.113491634,1471147.618745443,1285213.395139963,1101399.8991267448
2024-05-07,1065915.125533576,1477218.728304015,1285238.4692146685,1106391.6361820046
2024-05-08,1068436.6252174012,1480163.8121754904,1292053.2331216957,1110528.5298022232
2024-05-09,1073666.76202559,1501999.2007169477,1296989.515928119,1117404.3657745132
2024-05-10,1073280.0324951813,1517543.6295042932,1303695.3272782522,1119113.564773388
2024-05-13,1077697.3255066448,1517004.0597231076,1299754.2003088212,1118859.0180288362
2024-05-14,1074342.5402950211,1524410.7582090388,1302857.6228769794,1122476.779558239
2024-05-15,1080562.4122936712,1531294.8525454998,1316687.7559894081,1130812.3678081864
2024-05-16,1082037.5979961313,1513505.8473089251,1315332.2019262686,1132411.1759221812
2024-05-17,1082761.950319968,1527155.6060986063,1316204.197639119,1134747.78106376
2024-05-20,1076564.3548453678,1536763.0915069012,1309206.5450322602,1129480.053491495
2024-05-21,1073709.820613433,1527069.4294974431,1313843.4384778454,1138260.167912575
2024-05-22,1071301.5200713065,1516111.853069624,1310018.7652267874,1134619.775285514
2024-05-23,1060542.7630459336,1491841.5305643012,1294535.0736502637,1122402.031839998
2024-05-24,1062213.36392403,1491518.5491822439,1292266.4792083413,1118154.340782899
2024-05-28,1055638.2184404377,1480831.7641220693,1285271.6232176872,1112024.4671322196
2024-05-29,1047892.2607216106,1457773.0697094146,1271125.6790021711,1093239.9894110663
2024-05-30,1062642.8003668308,1467022.1426709662,1248562.4189076507,1089948.5547742257
2024-05-31,1071530.5060196063,1477153.8545474613,1268522.0831171134,1107240.10765853
2024-06-03,1067775.9951494432,1457036.6353324796,1271313.8850399228,1106250.121466877
2024-06-04,1079302.3938436816,1451875.1633180932,1279933.196832937,1115909.3525298715
2024-06-05,1084202.0361717627,1449000.9074580113,1282728.1020881901,1117334.047425181
2024-06-06,1092018.2978637256,1445515.5981545434,1284310.6596621757,1117913.2518309443
2024-06-07,1097636.9266316341,1445590.0826248783,1274723.7397124995,1107023.2860447231
2024-06-10,1092389.6603856352,1445127.2332237924,1279749.5072588385,1111823.224138877
2024-06-11,1089648.71221095,1429441.359603011,1274942.7529599038,1114554.2590580378
2024-06-12,1073757.1131487521,1427907.9384490391,1273448.219044353,1112353.8101925766
2024-06-13,1076963.4444282106,1420457.9679866075,1271773.2384859605,1116217.674057084
2024-06-14,1073607.867310002,1413374.1466075783,1273318.2507484383,1114070.2596620154
2024-06-17,1083898.80181068,1420055.4312443826,1279668.105317584,1120130.5148506789
2024-06-18,1089041.3365860188,1428438.4567122683,1278045.6303106968,1112122.7747030396
2024-06-20,1098939.07652933,1442051.0169294854,1289759.0277357977,1118945.5918551795
2024-06-21,1102236.9602953023,1441894.9016468837,1293365.960670309,1122558.613655371
2024-06-24,1105489.7527742828,1452339.8831810034,1295856.6657014117,1130419.224887655
2024-06-25,1091326.3845348293,1442292.1857545096,1291964.8571440207,1120318.321691945
2024-06-26,1087951.9330370652,1439322.1804121514,1293180.960203128,1117847.957658821
2024-06-27,1076728.5765558176,1438362.394141206,1298450.6313195676,1120168.5617276174
2024-06-28,1012956.4363224129,1452726.7490203765,1298867.1874405285,1096795.3052560373
2024-07-01,1015231.0116516119,1445834.1082299468,1297525.9779354671,1093039.82555677
2024-07-02,1025196.0994758457,1445237.2081852315,1302034.442839588,1095679.842492274
2024-07-03,1023006.876558954,1450749.4837243925,1301445.237420278,1088817.0946047548
2024-07-05,1025908.812964878,1447099.6913269733,1303834.4256059614,1091240.2961801388
2024-07-09,1006212.8843032904,1442242.8786569857,1301154.2664283484,1085913.9079874733
2024-07-10,1007455.2163220202,1454982.2836672172,1317204.3562077964,1101152.4535047717
2024-07-11,1010065.1457474637,1462660.2792074666,1317040.576732539,1100647.5642506774
2024-07-12,1015881.8990012167,1473335.3332966375,1325386.1337129392,1106990.9459724007
2024-07-15,1014994.7564628208,1499313.24974293,1327673.7448607115,1107432.9248626332
2024-07-16,1022510.1793037219,1542495.624036091,1352151.445158382,1136551.2307265622
2024-07-17,1031987.9126687043,1544940.9815612277,1359617.8736508717,1154733.3315083424
2024-07-18,1019887.9275173508,1538457.8794823657,1345562.7382375572,1142990.4408795545
2024-07-19,1013092.356974032,1508207.7167627513,1336928.7998366018,1138832.5784804544
2024-07-22,1024653.4669446088,1510667.4336604306,1343942.0167592033,1142851.4140826748
2024-07-23,1014479.616185467,1501959.3532870691,1349593.213867531,1137695.8111012224
2024-07-24,989399.7887060624,1478345.957160562,1332111.3345785597,1122566.1055910552
2024-07-25,982453.7899211895,1496405.758351103,1333902.8360948823,1115569.617115988
2024-07-26,1012306.3811406961,1537712.9886182172,1351026.0074502632,1133368.402295485
2024-07-29,1018693.0690433972,1526922.3851620494,1352799.07970468,1133394.891235559
2024-07-30,1010035.2856447726,1529263.9609582194,1355477.5911282392,1141633.1314245623
2024-07-31,1015229.8483228732,1539053.0054040563,1358385.2218083346,1138619.4071091025
2024-08-01,1010925.468745813,1501604.5307094231,1349128.4877263794,1131031.6825118416
2024-08-02,1015200.0817704017,1455983.7464654064,1333987.4658717064,1135387.3529174938
2024-08-05,983688.1344801325,1428884.7446939612,1295823.61277041,1099166.2041867948
2024-08-06,987493.602241273,1456985.1780106332,1306075.2533226442,1103790.2737374017
2024-08-07,984389.730601959,1450748.2408057996,1295349.6082898837,1100506.2329332586
2024-08-08,998449.2259736739,1484323.8366168549,1315921.6679356925,1110092.1447940215
2024-08-09,997724.9101736448,1494838.2664010348,1317484.8983534805,1108242.2687137811
2024-08-12,998919.0903614535,1486912.2223021362,1317333.2276711576,1113880.8168010954
2024-08-13,1015966.1355069119,1498773.4071185188,1334032.364856468,1134293.992934274
2024-08-14,1018677.6924329811,1504995.5111173613,1342532.7680491214,1141624.020147679
2024-08-15,1038022.048413276,1534593.614336784,1361915.394615733,1156749.5529618985
2024-08-16,1041013.1951428732,1534992.0852399804,1363827.8418544221,1155283.276829057
2024-08-19,1043122.455374391,1542860.1804303448,1376280.261055336,1159369.5161714605
2024-08-20,1046937.1434438487,1539996.8620600284,1375843.480413054,1163945.8028300337
2024-08-21,1050562.473205616,1532215.818921951,1377267.618313432,1162506.7215551613
2024-08-22,1047932.0013166319,1531342.8730517775,1369535.543379109,1155018.7011483836
2024-08-23,1054333.0197399468,1552759.7271105724,1382145.6354582687,1163701.709221082
2024-08-26,1057124.9296491062,1564462.7016480719,1384571.7007797793,1164458.8782829174
2024-08-27,1062941.2587714116,1565085.0227930928,1385838.411844193,1167211.8950428031
2024-08-28,1056058.3840383184,1560323.9925777803,1381859.6866707257,1160015.0217680258
2024-08-29,1062566.876185879,1573745.204171368,1384491.3981978428,1167272.8542970673
2024-08-30,1068214.6408748443,1585591.3487204178,1394056.993449011,1170882.2277977478
2024-09-03,1058234.512238048,1543473.775667385,1379731.9665710009,1165937.9093758955
2024-09-04,1060417.5408276226,1530607.607033747,1379765.524761914,1168360.2103660095
2024-09-05,1058718.7938722766,1521306.579231401,1372007.2841655859,1159138.9847036905
2024-09-06,1053856.6955261028,1496787.94492766,1357419.4285096773,1151994.3032231657
2024-09-09,1053887.474834213,1520788.8953064336,1370538.9521461192,1154211.5721396753
2024-09-10,1054035.7692566253,1516918.9600767777,1376261.8099706792,1161199.9637248493
2024-09-11,1052988.366819654,1531085.2910564248,1386926.9455827253,1162214.862167705
2024-09-12,1057257.6778468648,1544725.2994340784,1394120.967958727,1165346.021723179
2024-09-13,1064980.7816722314,1566076.9835391794,1403468.530175399,1175627.011455795
2024-09-16,1072768.1882407016,1579160.8266218188,1410081.9032962408,1177346.2986036674
2024-09-17,1069773.4611914759,1596124.0167847695,1405981.2977843825,1174947.623425558
2024-09-18,1068296.4418424778,1592572.0019791126,1400125.1827497943,1172751.6602423233
2024-09-19,1064944.096824317,1641377.8689400097,1415194.8372758406,1177704.475228192
2024-09-20,1076281.3564680736,1635794.1366234168,1418179.9090201408,1184734.1474605128
2024-09-23,1076227.399057372,1638634.1193665573,1418066.5769620854,1182043.0040196124
2024-09-24,1071635.6257500246,1668532.877827451,1420893.8392469476,1180745.2685964676
2024-09-25,1071500.4464829557,1650684.301327342,1418345.057338715,1182889.485080639
2024-09-26,1075251.8849825682,1681745.1955070496,1423958.6827939153,1184878.4268436278
2024-09-27,1079517.556905742,1685768.383951959,1425797.2334776362,1189287.3866517567
2024-09-30,1078053.6434625064,1687035.7501665982,1425433.9258358898,1191715.2604970485
2024-10-01,1080500.7083679866,1684822.3052155091,1414138.7273596087,1184923.2441540707
2024-10-02,1067029.0440143805,1686728.391708396,1416957.1157274742,1175934.8574963603
2024-10-03,1063528.3890656559,1675033.3932981156,1412646.8637563102,1172984.589637156
2024-10-07,1053723.0370126585,1693640.9506934793,1410733.6734544407,1157023.7609163444
2024-10-08,1055360.429112215,1667039.363911678,1419394.7506047813,1159712.764246561
2024-10-09,1068858.6372045313,1690409.1111843912,1435974.5137060795,1175650.1359827523
2024-10-10,1070760.088136531,1688215.62076004,1436989.964266208,1178876.155843404
2024-10-11,1073009.8694988145,1709895.9962490718,1447906.7923024276,1181092.6623136508
2024-10-14,1080705.7005596044,1695458.9315522641,1457516.7393072504,1189236.608297029
2024-10-15,1050565.328030726,1685015.8318325125,1438931.9263491677,1148715.8447920352
2024-10-16,1068697.4477823519,1703719.1979476842,1450294.1131926535,1164189.5343071236
2024-10-17,1065345.0160707608,1711743.276453116,1450656.4566283175,1159476.7642039675
2024-10-18,1065530.0116328392,1698459.8301929373,1452200.824239105,1162338.1415676684
2024-10-21,1061121.18798863,1683691.0736606796,1443743.2991238334,1159416.258527887
2024-10-22,1056601.4369211905,1681320.3884886487,1439305.1424751817,1164245.7407437863
2024-10-23,1045178.5848284017,1671103.7587636441,1424643.9540508175,1154974.1927193336
2024-10-24,1038930.544643416,1669831.2072778288,1414213.241066281,1147412.3145501772
2024-10-25,1035487.5810231469,1662866.355416927,1410242.2209462414,1151509.8698592251
2024-10-28,1042438.0612195164,1681773.2868928206,1415954.204974975,1151721.616298242
2024-10-29,1036517.4750664379,1674716.7857640774,1414878.6614118079,1151634.764194598
2024-10-30,1039125.9765860538,1662361.1228088115,1412248.5842159272,1149128.487965518
2024-10-31,1033487.3202751378,1638809.5293565225,1396928.9427948198,1129289.5239268816
2024-11-01,1036717.393223082,1655317.3459534124,1409814.6544915647,1138161.7385874784
2024-11-04,1028762.8050041164,1641748.73532527,1407225.7046453462,1126182.567825513
2024-11-05,1038403.6898019888,1667967.6775396992,1422031.8744576096,1139472.6343759417
2024-11-06,1073191.1885259002,1777005.6742104017,1465222.2545728763,1169689.8122176356
2024-11-07,1079394.5859355615,1748724.4223181577,1469389.498695348,1182041.1562535954
2024-11-08,1090030.0170965556,1717357.00193883,1480441.0998943404,1188501.2762049837
2024-11-11,1092062.3108113192,1729399.1994301863,1495131.958257821,1195598.7874763757
2024-11-12,1079406.9128880259,1716207.822681326,1484127.7347318828,1189934.9151185425
2024-11-13,1073885.2996240996,1707458.133783574,1485662.416788294,1184207.068837774
2024-11-14,1065206.3334860946,1707734.9578041644,1475592.535525233,1172116.622577236
2024-11-15,1059275.1278605405,1689511.9912034194,1456623.110989807,1163353.8909052543
2024-11-18,1059920.3795293164,1689177.240178816,1450864.0386538445,1157864.2469673087
2024-11-19,1052383.537811735,1685118.8542229624,1448531.6505788886,1145684.1384736956
2024-11-20,1065312.712010697,1684987.1621639482,1460840.425521411,1162923.8216200452
2024-11-21,1070021.3573449822,1708205.6884345936,1474572.0181294826,1164620.078534932
2024-11-22,1063399.5374502188,1739555.9823032334,1484455.9343116912,1168557.7408507364
2024-11-25,1077446.728421573,1767154.2723410623,1501108.6787677757,1188629.868713619
2024-11-26,1080901.083041678,1781263.9117076886,1504100.5023619353,1193500.186686979
2024-11-27,1085506.1203109808,1766918.4033918905,1495555.5534317181,1192198.2255766662
2024-11-29,1087145.8712328377,1774252.837669829,1501611.336002543,1195605.8474056765
2024-12-02,1085258.6574692852,1767009.6054293015,1498852.7962334608,1201228.605732723
2024-12-03,1080483.149976422,1759627.7333520176,1498108.48287445,1196830.367560807
2024-12-04,1081930.5988510144,1765460.0887499244,1520212.425558612,1205277.738122957
2024-12-05,1066133.3483890945,1757259.813007874,1504793.1111215034,1181081.357189776
2024-12-06,1045397.7975352934,1765749.8476612708,1498060.86442455,1157460.5869019274
2024-12-09,1050326.5852280767,1763235.0915006138,1488352.902855807,1166869.5892058376
2024-12-10,1048463.3459500995,1745567.399142164,1486865.0291784103,1167164.0344370715
2024-12-11,1027644.5584269408,1750995.294729762,1478951.9436920127,1147964.3973539432
2024-12-12,1017389.0265300304,1730812.0550341783,1470239.6876752693,1130185.709861359
2024-12-13,1020696.1714780991,1731383.2245084855,1465375.9339946734,1131006.826739041
2024-12-16,1002132.667055388,1732564.0505293843,1461206.4074877147,1115480.3856696477
2024-12-17,994529.7562230973,1723012.9493353316,1451256.473473511,1108535.6483487568
2024-12-18,990524.8889662892,1662152.7014222536,1416583.2190635526,1100482.937280482
2024-12-19,990827.2058471062,1663972.0533232363,1415871.0394933135,1091202.2693680525
2024-12-20,1002513.3068446456,1686588.8384075193,1431662.5872160797,1101278.8803252133
2024-12-23,1011160.6845510326,1685028.6012777914,1434243.930191212,1105332.1802313742
2024-12-24,1015665.2392559263,1701257.3370631055,1445065.3452003184,1109657.7221067892
2024-12-26,1020352.9873390023,1699872.6626020411,1445908.827269623,1113518.285115427
2024-12-27,1014872.1533845308,1684855.7549256189,1433974.3537481402,1104120.2347800978
2024-12-30,1006969.228922553,1670130.693586865,1419455.6103318916,1091987.480352301
2024-12-31,1007013.9103672002,1667017.1336004427,1417217.0492696138,1090108.3184336568
2025-01-02,1006533.7030104563,1662224.4810236895,1412982.8996729045,1081678.131487515
2025-01-03,1015917.8832766383,1682945.0065810038,1429159.2314063315,1093296.240427632
2025-01-07,1017828.3997649078,1679417.9699801349,1420921.4081090777,1090500.9338848174
2025-01-08,1021741.7623059229,1677217.060387982,1425025.1195314256,1098925.9139061335
2025-01-10,1005629.2772427087,1635676.1039970124,1403084.4824445844,1087274.9257972282
2025-01-13,1014773.4876375678,1665507.6961976532,1418738.948300064,1106949.905720161
2025-01-14,1017048.8793207054,1689204.24718875,1423038.9613273465,1109180.125048499
2025-01-15,1036420.7948499757,1722091.8232817994,1439320.6113607602,1125130.8953770758
2025-01-16,1040166.0112838263,1732567.7566102766,1429006.1019331394,1106975.5411656862
2025-01-17,1042193.4562299,1751115.6735347402,1438216.9710944588,1110640.98351508
2025-01-21,1047934.3349266076,1790534.8594339474,1457405.9540965327,1130084.4962925685
2025-01-22,1056665.5507342624,1805573.8825161872,1463919.2742769055,1132210.06181604
2025-01-23,1062942.6089271856,1830046.8060094216,1478717.8105438193,1143468.391628156
2025-01-24,1058518.7691245934,1823212.414521132,1472288.5860890436,1138008.9925336398
2025-01-27,1059054.8174451536,1791561.0087085208,1480832.8845242385,1148300.8444043444
2025-01-28,1062810.8143869727,1791570.8556634076,1489421.3113531996,1145744.0412383117
2025-01-29,1062764.813861743,1793114.335040699,1482660.4199687217,1146059.5234528752
2025-01-30,1074449.525997283,1778715.6851302083,1491956.7233466697,1159154.969957178
2025-01-31,1065538.4226491782,1767991.1235424406,1483936.8586202504,1148216.172539952
2025-02-03,1069334.8841530173,1751983.3541190503,1485527.6151699945,1145847.6805556896
2025-02-04,1052501.6068602928,1758194.7556071822,1488817.2644919148,1142304.4991693594
2025-02-05,1065842.636134712,1760877.7090113345,1496456.325483175,1152920.773802009
2025-02-06,1066725.2479204065,1762989.9690642105,1480107.735706588,1148009.567445303
2025-02-07,1061697.4078525596,1746952.9541641946,1463318.3602359043,1134846.8974240376
2025-02-10,1063786.963257498,1736783.1627073747,1470878.428940366,1135561.0322099703
2025-02-11,1063480.009387756,1740309.5683339194,1475185.8032818339,1134509.0711655228
2025-02-12,1061840.7042801406,1719230.3720737956,1465811.4570101765,1131409.4873550266
2025-02-13,1069320.5369801922,1729954.6549305413,1478115.9011277845,1138275.5688707624
2025-02-14,1061956.9505447184,1738177.8093123941,1471530.0606202914,1133723.2231341265
2025-02-18,1068815.2515987107,1745064.76792681,1466610.844614439,1143602.1955128396
2025-02-19,1074940.9237341608,1743752.8814308643,1472172.0908088621,1145169.7501197914
2025-02-20,1061370.7306633457,1728944.354952905,1461808.688354454,1120304.1770369522
2025-02-21,1053924.0084617636,1689958.0241090811,1433185.4543650225,1105689.6529181213
2025-02-24,1058972.987736362,1685157.2504173054,1430367.4118768459,1103481.325066039
2025-02-25,1065453.8301928772,1675432.1101512033,1435079.6867825883,1112768.2338320268
2025-02-26,1058389.7936753954,1682462.0239858977,1432525.7738136945,1113755.333947337
2025-02-27,1057902.6141217127,1662835.3744769657,1420294.6035895457,1108044.4964217125
2025-02-28,1078919.8836582745,1687894.7430648655,1437588.6089350372,1129641.8408721378
2025-03-03,1069349.4254922913,1651367.0720440918,1418226.3162119396,1115257.2988704925
2025-03-04,1050220.1766683867,1621060.5224310374,1407830.4988764778,1090542.9820411524
2025-03-05,1059898.2562350677,1637428.0524761453,1421757.6901338971,1106277.1238264744
2025-03-06,1042861.6563852273,1609414.3730798585,1411543.5727336267,1089044.1402120078
2025-03-07,1042604.5708085187,1625878.83004071,1423398.6909955281,1085896.1825774163
2025-03-10,1024583.4288358019,1578722.5220520413,1393329.7801490936,1058233.626287377
2025-03-11,1014670.6694554305,1553121.2426415272,1378850.8996577535,1047281.6958716196
2025-03-12,1009711.2909758014,1573426.219282324,1377966.1638614573,1039295.1087700288
2025-03-13,1008339.6323971786,1552791.3979398424,1361230.0463303477,1027876.0637934436
2025-03-14,1022171.527719374,1593725.9164947823,1382673.633935675,1041520.9181652206
2025-03-17,1033905.3864211679,1597214.0025001885,1391861.743251413,1053255.6148005554
2025-03-18,1024314.1255642006,1575168.9592491044,1383636.9307114142,1043673.7980321216
2025-03-19,1030629.000711951,1606327.8022882743,1392465.3200730234,1047886.6046114268
2025-03-20,1031165.6735842853,1595405.919704204,1392147.3395325504,1052204.1235713288
2025-03-21,1024237.8482005359,1596913.6183885527,1394684.9409517306,1050666.5794188878
2025-03-24,1036572.2724657331,1627720.5373342826,1411318.333859779,1068180.866154544
2025-03-25,1021998.5642351249,1633011.820592653,1410423.0711281155,1061468.9546354683
2025-03-26,1019212.662912012,1612841.1180354387,1406361.2926878596,1060398.255467629
2025-03-27,1017877.8436880135,1595423.4764950504,1400630.1675868256,1054578.8207349095
2025-03-28,1010698.5839808017,1563388.7094941498,1378822.5791571771,1038182.6762097648
2025-03-31,1023591.382586702,1574683.7221650162,1391799.4322474794,1053850.3072640535
2025-04-01,1019135.9461504422,1585918.704841939,1391234.4261751033,1057344.8102778806
2025-04-02,1022538.9979775541,1596246.168432751,1397589.361952534,1070432.2024924902
2025-04-03,995458.6176038195,1504373.744775628,1355945.9453808393,1019039.0301162564
2025-04-04,930652.3703912359,1420720.96495825,1292144.10586731,960936.3649985011
2025-04-07,924402.9492632947,1422288.4368648997,1287784.9789801496,948095.3039142689
2025-04-09,980697.8209869673,1557029.8180908246,1376503.8826587081,1009709.922965809
2025-04-10,955673.3350403141,1494829.923595887,1346741.3699983824,982402.9647622374
2025-04-11,972753.00624235,1525655.3614725107,1368681.9027539762,1000764.7099690096
2025-04-14,983803.1302735172,1539862.1214446812,1372862.061313676,1014725.0168512544
2025-04-15,981649.0588428847,1546281.848717627,1368020.8121627443,1011900.0143110632
2025-04-16,958431.2681856218,1505042.0985567279,1342902.5196187575,989767.8754662768
2025-04-17,970395.9562562263,1495318.6068402445,1293105.074667958,1004666.481600391
2025-04-21,952108.7759437903,1454436.396934758,1257980.0238566992,985039.8017443658
2025-04-22,976598.6746188411,1496199.6512163188,1286511.436755016,1012018.6295974584
2025-04-23,980591.9980007887,1532267.5616449232,1301084.032826934,1017134.3112439542
2025-04-24,988115.60427319,1555740.4393760324,1314313.4345767128,1030058.8464916012
2025-04-25,999872.9439748753,1564862.5643285215,1316264.6161156932,1030347.4524173636
2025-04-28,1000725.7012976122,1564509.2745338972,1317663.4836703707,1032751.350945298
2025-04-29,1008164.8595026485,1575968.9961285647,1330282.7077071574,1053393.358834852
2025-04-30,1010784.1627698925,1578041.9910651478,1335170.7851299066,1056333.176787169
2025-05-01,1010427.1373180026,1620144.0822030324,1339141.6145827216,1058534.56597644
2025-05-02,1024809.2983588834,1660192.3786074216,1356830.706785351,1075457.9606019869
2025-05-05,1020270.9816531059,1663294.6445957085,1358128.386257198,1071114.127801115
2025-05-06,1008623.8517699173,1652835.834734942,1342551.182782004,1055797.4113161303
2025-05-07,1015551.2590492357,1663568.99162257,1356803.9783030222,1063125.019969982
2025-05-08,1015479.7949705138,1686895.4099732265,1360832.7052104957,1070071.324949916
2025-05-09,1008975.2910751007,1686553.3339060612,1352501.6686033404,1066498.2066076277
2025-05-12,1038781.811982272,1748862.8703949638,1389100.2199758873,1097735.956787292
2025-05-13,1037145.7288366221,1765828.803316066,1364222.9612426925,1102591.0315993929
2025-05-14,1038138.6879252385,1771685.6103697119,1359115.4952851501,1104233.1347381475
2025-05-15,1051605.8405440392,1777840.7159221596,1361930.6929604856,1121788.8439334652
2025-05-16,1061641.2109685866,1782707.52020154,1375138.095582438,1129802.299489732
2025-05-19,1065160.1086472992,1789911.218611713,1386598.7061134046,1129003.9644742615
2025-05-20,1063997.6245237323,1780862.8502076091,1384636.49577505,1124054.575563553
2025-05-21,1049733.7570179102,1744855.0488212518,1356428.75180162,1106568.8809891508
2025-05-22,1053587.922324583,1751486.6855482818,1355936.7588791593,1110390.1793944344
2025-05-23,1051432.2943122694,1739347.12403101,1346497.5788630105,1108488.402508875
2025-05-27,1070089.4262817255,1781774.0368910693,1370259.2787407709,1131107.3806987624
2025-05-28,1061302.5380159423,1774294.0639134038,1362305.0357211847,1120752.5938992775
2025-05-29,1068294.0533086276,1789579.8947212878,1363670.2968370733,1123688.029583288
2025-05-30,1067671.6561628683,1784435.6886729873,1367782.6437167288,1125246.979196339
2025-06-02,1068411.1932416763,1790501.8028260807,1370842.7629251906,1121362.4448431786
2025-06-03,1075932.2512573507,1800705.8674841616,1375442.9365346874,1128383.4331364068
2025-06-04,1073955.9430201622,1798383.1777352043,1375695.524534696,1128461.883906568
2025-06-05,1066000.2587643429,1796486.237798388,1372973.2496539454,1123956.2648655605
2025-06-06,1075770.9627565132,1820062.517691045,1390084.307667774,1133103.9407812424
2025-06-09,1072023.985033164,1821824.8709513305,1392095.6681565973,1130359.0863850198
2025-06-10,1076918.5290789898,1817872.2086446746,1395406.4579109203,1133018.5864230683
2025-06-11,1072357.4534201077,1815461.3463096947,1394499.431289064,1134111.9679748933
2025-06-12,1081896.5040201012,1824665.3599580298,1402555.1349274246,1137789.7322859685
2025-06-13,1067646.833875231,1788121.2574668475,1377119.3426669133,1113584.645511706
2025-06-16,1077387.818685632,1813371.706109961,1386522.1284815874,1123054.8070585704
2025-06-17,1065382.6047841262,1803365.2398436344,1376440.810517751,1111480.2841057214
2025-06-18,1072239.3571072074,1814393.903546743,1376401.5391675823,1117646.3251056229
2025-06-20,1073309.8385401024,1813854.1902301847,1372349.5272485008,1121183.2740003783
2025-06-23,1085263.0605043732,1831129.1339064217,1382442.7546685296,1135793.5494801244
2025-06-24,1093647.2092853172,1861987.6747716758,1401878.5801823263,1147801.1798728034
2025-06-25,1096248.7109582098,1871856.6277532051,1398359.8006467475,1149536.6730394806
2025-06-26,1100818.716791104,1887294.8138277899,1408309.0965593918,1162396.8144213448
2025-06-27,1113134.4273403762,1906422.947494459,1422810.4259694265,1175476.6097056377
2025-06-30,1119807.1991386958,1910963.3784429275,1428359.888599391,1186646.048658113
2025-07-01,1122123.9084070227,1908977.7503182497,1445560.9469280797,1198247.8156595945
2025-07-02,1125318.5100050913,1919900.7028319477,1438554.1925852972,1204885.462863787
2025-07-03,1132100.371664725,1940969.0289058164,1451050.4125159187,1211603.846636999
2025-07-07,1124851.65808995,1925281.0109350032,1438438.1211077606,1198856.0323121287
2025-07-08,1116211.60900782,1909833.6127075762,1433640.0903584524,1188236.7588449847
2025-07-09,1123770.4411039767,1924891.644677095,1437402.841154412,1191828.5869986569
2025-07-11,1123566.5059732718,1932480.6280300256,1431250.8802826945,1193862.8280955316
2025-07-14,1121863.9190491722,1930866.5908543607,1432764.4955324824,1195383.2384931743
2025-07-15,1119420.2962376594,1919000.7062955634,1419245.2765199603,1185881.0326515045
2025-07-16,1125017.721757714,1926040.4250651728,1425379.154059422,1193057.386235762
2025-07-17,1130252.842210147,1948057.8629032774,1431404.4586179652,1199009.896300339
2025-07-18,1125343.7855019844,1931471.4759966687,1425917.4172241846,1198309.6930521154
2025-07-21,1125407.761900962,1919639.1951728612,1424514.4045886644,1194517.6440171949
2025-07-22,1130319.1716999258,1915762.052609639,1428448.0408750046,1198212.2177863866
2025-07-23,1138986.707641425,1931230.6716104131,1442963.2748622852,1212985.4026643704
2025-07-24,1136191.146622335,1939984.2364792486,1424510.1790172234,1203722.7059988412
2025-07-25,1140271.6170933775,1948301.818936807,1428553.0148764446,1210030.9236855386
2025-07-28,1140559.8363514175,1944933.8997244292,1427773.4921002346,1205446.1969651026
2025-07-29,1136670.402076957,1940464.9432648579,1416760.2433485198,1209795.6185410116
2025-07-30,1124538.6251580652,1930584.1760763612,1413127.350492976,1208027.2026229338
2025-07-31,1115686.1628456346,1940619.3741324754,1399562.3282812373,1200374.5719992572
2025-08-01,1106277.0121234327,1910522.260696543,1379693.8901392277,1185986.9242438166
2025-08-04,1116812.034367147,1944691.2052319087,1397613.2194016457,1206306.567382167
2025-08-05,1117255.7161321677,1932446.229582216,1394343.0235323021,1201939.0557677206
2025-08-06,1132369.2226276766,1937262.7153018618,1392425.18893661,1209303.2450559142
2025-08-07,1132975.939993823,1933392.1474996556,1384457.0932049346,1203731.2382399037
2025-08-08,1135814.691970498,1942079.2346036388,1389019.28753873,1205280.8873256594
2025-08-11,1136260.502549492,1939427.7018359548,1382516.218785129,1202669.71356914
2025-08-12,1139099.305936684,1959778.559030375,1392935.7227061037,1217419.791685098
2025-08-13,1141050.337411814,1963586.9818086796,1410356.474449368,1225208.5083605438
2025-08-14,1137837.24829409,1966263.2268538547,1410908.0668765826,1225721.731870863
2025-08-15,1137627.983359044,1955570.294842423,1426519.7894482522,1212502.0602768848
2025-08-18,1141540.836887996,1956758.020981828,1426429.9014375978,1214510.8239058987
2025-08-19,1148374.4524095692,1946987.7675585016,1426147.1251665188,1212747.1899413825
2025-08-20,1152642.464037374,1955379.3530090665,1424929.3691398313,1218127.318564806
2025-08-21,1139106.8291597883,1953290.8394376724,1422180.030790649,1214408.8892124016
2025-08-22,1146289.5393201504,1979740.1402022413,1444275.4577713711,1239632.944271917
2025-08-25,1132719.7228472584,1964644.7627375526,1433142.6069806311,1231761.905173949
2025-08-26,1133915.562870835,1969545.7040919564,1434861.5748311426,1237994.4694667547
2025-08-27,1135167.0962933246,1979135.8527812967,1440962.7291352614,1239150.0785743156
2025-08-28,1133728.4488715737,1980071.918336057,1444554.9438022147,1237207.2968876564
2025-08-29,1137379.142421102,1977098.7015121412,1446688.374325779,1230518.2295901556
2025-09-02,1140582.535025719,1975701.8258983272,1438335.5281324568,1221801.118617987
2025-09-03,1142175.5251777451,1974071.847963365,1435779.667443066,1222745.7153577204
2025-09-04,1155497.4730895713,1994787.8336465394,1443525.841552128,1239306.074252373
2025-09-05,1152067.4083326468,1962677.2379664031,1438894.7985366022,1227252.166347494
2025-09-08,1156802.154672917,1964475.9017967707,1446161.493200989,1228271.30613968
2025-09-09,1160790.6943552035,1964906.9148450904,1454307.7772803537,1239531.4504712522
2025-09-10,1148457.3142915906,1969443.086036599,1443392.0728738736,1242790.8920856973
2025-09-11,1165659.066586846,1994868.234676203,1460872.9570560618,1264148.9046335788
2025-09-12,1160183.3864471265,1995714.3229627372,1448652.257868785,1258253.7266775004
2025-09-15,1159080.9489354098,1994025.5593549823,1449765.2695674791,1258976.9563150087
2025-09-16,1160171.4173993696,1974766.1852831298,1441633.2163050529,1253561.3580061556
2025-09-17,1166202.3215632555,1983896.379859314,1447655.4295591488,1261763.2077968498
2025-09-18,1161345.6241494978,1999167.6130400512,1448992.6986414688,1274150.0234528931
2025-09-19,1159546.6109717863,2004469.3091636144,1456236.233402263,1273792.8552375955
2025-09-22,1152175.8367349133,2004354.2842401576,1458183.6047930277,1277901.4325338867
2025-09-23,1149154.2524649613,1994715.7734189052,1453627.1855351438,1274993.4185090044
2025-09-24,1146298.0061875624,1992713.2072667975,1450976.639104126,1266335.2104934826
2025-09-25,1144928.9547223048,1983580.7190762109,1445005.980896477,1263025.3524163528
2025-09-26,1150699.7328560655,2001783.1695185942,1453226.6412349648,1273874.026204626
2025-09-29,1152920.6192960602,2005390.5235665669,1457733.2398127723,1276456.710440384
2025-09-30,1166385.1435816283,2016336.094240964,1460518.5326263797,1280823.438999808
2025-10-01,1177895.8478870597,2006916.2955825876,1465903.546373764,1271528.9808276268
2025-10-02,1175690.6348799514,2014522.4441095411,1469316.4492556714,1274284.0480077094
2025-10-03,1177770.1232705559,2026997.3438723106,1473922.8927008563,1286290.992820253
2025-10-06,1175497.3233815506,2023266.3565803273,1473474.4055045894,1282546.020028567
2025-10-07,1178503.7243997848,2022469.1861962285,1471464.7597713901,1278992.5753316549
2025-10-09,1168350.8514064813,1995363.705188519,1471330.968897984,1264732.9691262632
2025-10-10,1149858.6055004285,1956685.219838432,1440754.4764049572,1242318.3032424292
2025-10-13,1150796.0729546037,1973857.1704707497,1456617.3991283944,1261161.5713630118
2025-10-14,1165552.826435489,1988547.349576274,1457042.882097446,1261778.0435543596
2025-10-15,1168868.1122005626,1970172.8948720994,1456392.6035797736,1250829.5813742713
2025-10-16,1158448.7876732068,1944781.069251857,1449383.1336793532,1230201.7859456078
2025-10-17,1168936.564345223,1963554.5179741543,1462911.167237272,1230523.574030166
2025-10-20,1177802.2810276994,1976870.5596862119,1480135.7770406976,1242564.1521139652
2025-10-21,1179708.296082342,1992008.128724956,1491214.838547775,1248131.87968804
2025-10-22,1181863.1515641247,1987432.8022640566,1482411.2411706778,1240910.0476384896
2025-10-23,1179686.236743141,1990746.0049157739,1485501.1299170186,1245081.5896744328
2025-10-24,1190468.8353164336,2001345.612457292,1498452.1322815116,1260933.962429455
2025-10-27,1191193.0206601238,2016696.1545928535,1512192.9476549122,1266930.981929896
2025-10-28,1187672.6032963046,2024494.048763438,1523901.0475010034,1267897.5848400574
2025-10-29,1171919.6349585429,2033423.4938593875,1509298.778820448,1264408.7193402294
2025-10-30,1162944.5954069681,2031786.9678170863,1503323.1969240555,1268039.777149681
2025-10-31,1162520.0374989943,2017970.8668248325,1509927.8305450957,1261457.5603439976
2025-11-03,1150108.7564608508,2015138.1004042518,1506125.9960255176,1261261.3557136424
2025-11-04,1149374.0683393357,2036113.7797743313,1493767.9550888482,1277888.6251394434
2025-11-05,1145685.2290224656,2026999.239741028,1500171.842416419,1273761.9023140194
2025-11-06,1144487.7784943585,2008966.26257353,1482502.0155179282,1263722.2773511107
2025-11-07,1149186.3998705423,2021229.7275181583,1487158.1911378643,1272389.5495526292
2025-11-10,1149700.6704635054,2049079.814983631,1501059.826154962,1288405.9514195065
2025-11-11,1171631.8925591097,2065667.839208441,1520658.4842045237,1298696.1439103563
2025-11-12,1177663.5692105037,2068319.6994994287,1529727.344629465,1308502.238882552
2025-11-13,1167729.7379758628,2053804.2332979762,1503425.6210349312,1293623.424657735
2025-11-14,1160896.480648014,2056731.3068061087,1495091.136691804,1288967.70920143
2025-11-17,1154376.2045730457,2038711.6115094156,1476862.3410403589,1277126.3843809722
2025-11-18,1147458.853309975,2027881.7046226528,1458433.1833737777,1270781.4147005766
2025-11-19,1138918.667789519,2025510.131478842,1457520.6395196815,1270309.165729315
2025-11-20,1158646.68877671,2020890.8145276108,1444926.0638546618,1283736.4860735997
2025-11-21,1171102.1068558507,2034805.7114087567,1464211.98622292,1287677.130973749
2025-11-24,1170730.1970160403,2040402.11040528,1469376.5067362757,1290466.2175859076
2025-11-25,1198275.468890632,2058057.3653293797,1490088.299262028,1305520.6638154346
2025-11-26,1204207.9708771347,2070182.503621595,1495284.1004386523,1316082.0330859171
2025-11-28,1212498.5202179498,2067344.7060925593,1504926.2211430012,1315486.9634460905
2025-12-01,1202648.7583998628,2059398.897210355,1491765.9686563883,1310111.2125878546
2025-12-02,1201011.4455684442,2056555.528956651,1490806.6579233143,1310134.0058865885
2025-12-03,1217097.938622881,2040200.7744715766,1504182.5749061392,1312362.3654344426
2025-12-04,1211043.8165524951,2035147.6797752408,1505456.81209215,1308227.4308406953
2025-12-05,1205968.6475754986,2028349.8542660878,1505468.1611931857,1304068.4072425547
2025-12-08,1189638.6046403516,2025006.9531655018,1497801.0275974355,1295676.613325026
2025-12-09,1192520.7890882385,2020200.1665654152,1489401.8845471537,1297922.3282645436
2025-12-10,1191591.1383678177,2028187.211539272,1505713.3700549933,1294951.0420081385
2025-12-11,1208843.7737262934,2053900.759441256,1518303.7410548725,1318227.2571406842
2025-12-12,1219524.6849613078,2053448.0399598223,1516879.1047746295,1329543.8401485262
2025-12-15,1222664.3562840181,2067769.8275770699,1517285.8075143932,1340302.0151369967
2025-12-16,1208994.037893156,2063233.881474353,1507998.233903321,1330083.9174907487
2025-12-17,1213601.9091976667,2059405.7403229938,1504497.9246328152,1331875.248383289
2025-12-18,1210735.8316770194,2071188.681993694,1505433.3134297214,1333712.3389509723
2025-12-19,1209149.2010373098,2071968.8271334444,1506614.2975757068,1331625.7807510514
2025-12-22,1208776.1600344866,2069162.6399106146,1515344.8093899647,1322974.6937293604
2025-12-23,1206827.5780617525,2075993.2553499923,1518286.8255938217,1319378.9111178753
2025-12-24,1215980.8193546396,2087257.387523475,1527120.4665599568,1326709.1340463387
2025-12-26,1219923.9549536326,2080542.7193562486,1527738.9300982684,1325564.7145186444
2025-12-29,1220005.4947353904,2075481.3314085153,1520726.648427544,1326336.8385235276
2025-12-30,1216917.5983777223,2074546.0996287856,1518953.1171204082,1326761.5183917654
2025-12-31,1208253.3180704303,2060161.3516359462,1508998.9485092422,1318086.903742456
2026-01-02,1211119.4842975878,2052365.3411370656,1503681.7251412154,1314334.0005660506
2026-01-05,1217798.1371595564,2070462.97906977,1516697.8010592186,1323847.7854654996
2026-01-06,1234583.6670714116,2063539.9513686092,1540979.1255792063,1329509.051487225
2026-01-07,1221180.5572377602,2041909.0960324244,1532540.7538174933,1315711.8381608294
2026-01-09,1240398.6187091023,2053557.2399402028,1543497.8996584197,1321468.2269033927
2026-01-12,1249773.863826929,2053301.1072762944,1538515.4044630486,1326627.54276622
2026-01-13,1243064.171173028,2025191.1762691035,1519805.6487126318,1309138.6504240236
2026-01-14,1252505.9585330326,2031949.6121692949,1518303.5351391637,1310860.8428693118
2026-01-15,1242593.3460601938,2037753.4706305738,1516170.2898820804,1305159.3310229413
2026-01-16,1242453.9509183413,2025401.5994811784,1518714.2062979604,1302419.0707313432
2026-01-20,1231439.1008129565,2003442.1180511427,1489833.1092968015,1294189.5292822495
2026-01-21,1241394.557343633,2029427.268050646,1510144.872302226,1302870.3648287968
2026-01-22,1232512.9570008367,2054226.5033289676,1521912.4120321749,1305463.741540055
2026-01-23,1230061.4912723857,2038116.5441093375,1523362.10294585,1304434.8643891364
2026-01-26,1230730.4095443792,2060194.3784650327,1529484.9968365438,1309202.3583516956
2026-01-27,1227593.7892321364,2058361.1482915937,1506480.6872083624,1300988.9102538617
2026-01-28,1223683.764462826,2059901.085320442,1507414.0372267426,1299985.7656318026
2026-01-29,1242767.304303348,2080134.5750722946,1503097.6189981818,1311727.413530277
2026-01-30,1248085.3191967856,2078467.0268139376,1495072.9954187959,1306950.7036960616
2026-02-02,1290370.041803581,2090330.8738367548,1498461.300196786,1349704.9927159944
2026-02-03,1296767.7495242632,2100973.656309228,1481570.3851666707,1363419.5997167467
2026-02-04,1300319.9638799564,2130788.5782352258,1494171.613265016,1373133.9428510645
2026-02-05,1296620.0372009831,2133563.3448006646,1472984.1064793542,1366026.3037870266
2026-02-06,1324480.1863120731,2170248.982732986,1499740.78477881,1395640.3283551252
2026-02-09,1298383.9357734777,2147455.4329433315,1498655.5313057238,1371503.6735131894
2026-02-10,1286202.001771399,2172944.536382158,1495637.5476496909,1364397.631375239
2026-02-11,1289066.3884771662,2177469.7854185305,1479044.5775472163,1376964.5601660649
2026-02-12,1297792.7309376008,2144713.1270322315,1464011.0336777992,1392085.7519380786
2026-02-13,1301069.262118776,2132777.338572113,1468606.393125725,1381836.774999871
2026-02-17,1280292.2183335943,2150369.331936885,1469765.0633546184,1363095.318708413
2026-02-18,1273768.9312666098,2149813.5027199574,1478695.7410180643,1352745.8716250483
2026-02-19,1263129.9337631078,2141635.1594752464,1470324.833540638,1341760.0486093352
2026-02-20,1259063.7215442988,2161344.601969747,1476824.6893281857,1335676.1923230814
2026-02-23,1245765.7857619408,2148951.7464307053,1442733.1520595169,1327823.1922872406
2026-02-24,1255226.3415418046,2161464.1652655667,1450150.1961720274,1335401.4023038645
2026-02-25,1255606.4089189984,2157816.634803875,1465292.0175642353,1337151.7424121404
2026-02-26,1245147.7599660968,2162630.601159617,1469420.875163991,1333800.0270015462
2026-02-27,1274136.2990174256,2141858.881453144,1463721.9977331278,1358918.33522446
2026-03-02,1263132.1665080471,2137569.0355546726,1459499.5378467543,1351762.6973665603
2026-03-03,1266367.7085389036,2117826.4170725746,1452896.147345023,1353490.5375935028
2026-03-04,1272314.8530024898,2123443.128096243,1460881.1101070608,1353878.7476148815
2026-03-05,1245465.8266728958,2076991.3045030343,1447589.9174003033,1324633.2410770217
2026-03-06,1245324.1024825282,2053262.9675175264,1436041.2514555575,1321070.065361721
2026-03-09,1247098.4496425157,2062431.9604766662,1442201.9635332457,1321153.445016508
2026-03-10,1248032.5042488035,2066038.9540346805,1436330.785830887,1324111.867892144
2026-03-11,1234357.4818792143,2047512.0827090107,1432474.1732211956,1306523.1641166422
2026-03-12,1238720.9477386095,2020629.4928681015,1415345.0466036906,1309463.1790914368
2026-03-13,1242101.2067627083,2017628.833387707,1411612.432151636,1316951.634781188
2026-03-16,1246159.9662249037,2030676.6777019151,1422737.2685558295,1319773.8640778924
2026-03-17,1247750.2768718533,2030788.8164565065,1422344.7417747024,1313212.2956433936
2026-03-18,1221102.6572645386,1991548.5315063633,1399111.3425655991,1278621.7315626957
2026-03-19,1215680.9101105665,1984492.750223024,1392593.5253702803,1274149.108445231
2026-03-20,1202245.0761847545,1967600.4176478027,1373729.1559193146,1265045.600711659
2026-03-23,1220816.2304881192,1997154.6489579077,1386324.2844298235,1281550.864631838
2026-03-24,1222562.1501062403,1995508.5217892337,1375039.6065613872,1289111.652671559
2026-03-25,1237546.8310411072,2011670.1148734323,1387427.9750719906,1298376.3370240086
2026-03-26,1231777.0380724522,1998712.3185105044,1377676.243934551,1292090.2901800834
2026-03-27,1225848.3766039372,1963821.1196884778,1351030.4248421653,1279590.0920409265
2026-03-30,1227421.9776146652,1974124.8825279595,1359003.8803160656,1287058.0993690966
2026-03-31,1243506.6436973007,2007154.946662146,1386614.8509468287,1299333.0756666823
2026-04-01,1246225.557021427,2015068.0987290395,1389238.0781458097,1289501.3397232736
2026-04-02,1255058.9750502824,2009647.5242374148,1390024.3142071636,1298243.3969461252
2026-04-06,1260772.868332297,2017434.9016258554,1392077.1727843368,1307840.3342925778
2026-04-07,1236414.32367014,2004625.093011519,1395309.2898853598,1281416.2446351014
2026-04-08,1271532.24035618,2077189.5476312316,1423411.3781788864,1321707.5618660047
2026-04-09,1278822.3948615247,2083429.0484678193,1430703.594326494,1332868.9213395298
2026-04-13,1254655.8795713757,2082734.753695078,1437723.7064080972,1308196.8867535868
2026-04-14,1261603.9268419798,2092273.2851032787,1448621.5317965653,1315569.9033570336
2026-04-15,1259874.4493487228,2094290.1148633934,1454991.0222212502,1320025.7989355132
2026-04-16,1257064.715598728,2094961.7657120945,1462951.7301446593,1318776.316515047
2026-04-17,1280158.358504299,2137704.758893861,1484661.2169992984,1340243.260300628
2026-04-20,1274242.6818298434,2129418.8757079886,1478733.2666215473,1337905.9692400957
2026-04-21,1268963.0052014068,2099197.58580286,1476291.1935283984,1338528.7076521465
2026-04-22,1271297.6829558949,2110569.010318481,1484898.2572870296,1342278.3127360877
2026-04-23,1271773.7459669171,2107303.4012925746,1460018.4260817661,1349465.5695064913
2026-04-24,1259488.2224364555,2105394.7514141733,1463675.6611316702,1337138.4978774171
2026-04-27,1242135.5929704576,2100968.6133173374,1460084.2344048908,1324007.3444965489
2026-04-28,1245037.1661241404,2080324.4360725128,1462735.7436835822,1322510.510278168
2026-04-29,1259434.610570367,2081080.3314457075,1456209.279314259,1362866.6168040894
2026-04-30,1273490.654619038,2123506.3593571177,1461557.1450545092,1376415.7041393064
2026-05-01,1277027.2700724187,2116946.5818820638,1456214.6335677414,1374605.2674459547
2026-05-04,1270814.9099073114,2087438.0850159626,1447780.878569969,1365843.665857519
2026-05-05,1271441.5921867585,2102579.785240798,1447551.9726816933,1362859.1164997374
2026-05-06,1265642.2064911956,2151053.4174038554,1463982.1139826996,1354422.4422136631
2026-05-07,1265018.3584109563,2133830.667169637,1463769.7803050035,1358016.8487830297
2026-05-08,1263509.4468817203,2132240.6609839974,1460379.2565065743,1359201.1562018504
2026-05-11,1250868.0282823658,2134818.8235332267,1453751.420037622,1352062.6950969882
2026-05-12,1264514.792799048,2133237.2541338345,1458244.6586986668,1372265.5567024122
2026-05-13,1273084.6305340636,2119664.2370579415,1456556.411301985,1372086.1958760326
2026-05-14,1279089.980570747,2143259.318692197,1468673.8380109984,1390545.8727031818
2026-05-15,1268758.1159124677,2107157.9439570163,1459531.2678065863,1389991.8425885856
2026-05-18,1285392.3907901235,2108140.2845610487,1468634.3116545877,1411557.75200881
2026-05-19,1291977.8684729172,2092464.044077752,1468434.9055625482,1417050.7989004345
