date,Author-style RL ensemble,"Nested tuned RL (126d, 5 seeds, folds=3)",DIA buy-and-hold,Equal-weight Dow 30,Minimum-variance
2023-01-03,,,0.0,-2.220446049250313e-16,0.0
2023-01-04,0.0013601519032608866,-0.00045671129961022405,0.0040456159781934176,0.008604025616238742,0.009088597343951177
2023-01-05,-0.0065647442061339545,-0.009770287980747194,-0.0060382866640775745,-0.0024542240563666384,0.0068171830127543576
2023-01-06,0.004213037417704291,0.0024702822843551964,0.01527668677705818,0.02161260752549854,0.02556365623191148
2023-01-09,0.005440164542802384,0.0003586987352373061,0.012287924577546239,0.020481512887249975,0.014724273762834361
2023-01-10,0.0074813462302647515,0.0004249931328936807,0.01814509482717086,0.02702965994937756,0.020286148833546624
2023-01-11,0.020899723876355303,0.0158122058436585,0.02578368204501391,0.03564306442762133,0.020270232973798263
2023-01-12,0.027607250985737686,0.023973445509379188,0.03254633683517749,0.042708332998159015,0.02040062122211883
2023-01-13,0.02990767572435926,0.02551474257728814,0.035686175677655196,0.048623608952892194,0.025237610284815082
2023-01-17,0.015013515496915764,0.019372854776777526,0.023971835178405954,0.04075757623927845,0.016026940289993963
2023-01-18,-0.00417923027870204,-0.0011067322459575868,0.005283781234779017,0.021445204646160176,-0.0062586714018020295
2023-01-19,-0.011510442107501184,-0.009241151500199996,-0.0017813194364929563,0.011121519185715245,-0.012045047998393454
2023-01-20,6.233482568651638e-05,0.007373945078071209,0.00825069632775488,0.026910987874225745,-0.004560905642588597
2023-01-23,0.012349712746689168,0.015478132188745164,0.015805211198124614,0.03787582886571972,-0.004682675750431131
2023-01-24,0.009423154684123913,0.02125459904661242,0.018615295276323884,0.04016665130594799,-0.0008382876118692151
2023-01-25,0.007921661081506715,0.021724278433577604,0.019280169049789242,0.0408701890071248,0.001402114097186269
2023-01-26,0.022971063228838906,0.01336645380606516,0.02544417410817479,0.045317306520085365,0.0016299512197315291
2023-01-27,0.021713741670515985,0.01695770573006805,0.026199264727826854,0.05081426549520196,0.004963194689011852
2023-01-30,0.01430479219309766,0.012222679617346355,0.018494355936570894,0.04056087923772189,0.00025287811799290516
2023-01-31,0.03306204214627373,0.029154523289180334,0.02988625655096211,0.052223141335403955,0.010693864433217293
2023-02-01,0.03798904983442042,0.03514191448968074,0.03000700082726393,0.05810150384420254,0.015141834471972926
2023-02-02,0.04143949457836604,0.027694523677478378,0.028677448343784384,0.06499366769302517,0.017325443161661847
2023-02-03,0.030561662338556728,0.02120164014372361,0.024296128166050313,0.05545025812690807,0.0031590182167160474
2023-02-06,0.02831352616066596,0.021560339781494076,0.02278516667294128,0.052600123466695736,0.0004426148296843291
2023-02-07,0.04034492721398353,0.03240517577081281,0.03197109471754511,0.061579503756649556,-0.0041099148024464904
2023-02-08,0.03458318650027081,0.030469312073502675,0.025625388054353104,0.05384725309107963,-0.00957206946112732
2023-02-09,0.02815335602448088,0.02442453698397329,0.01855482560644739,0.04678086583709096,-0.018224588898778427
2023-02-10,0.030378811088628277,0.029182309227790748,0.023540647419495686,0.04690687986144115,-0.01257328257741086
2023-02-13,0.046407699676601855,0.04199994509251792,0.03508333208167613,0.05989946512857158,-0.0010896411402473438
2023-02-14,0.04276605298803471,0.040715003636516034,0.030822561116792935,0.05907456501799779,-0.004807625766996448
2023-02-15,0.045370525573857456,0.04033579400272558,0.03239399227977868,0.0615778140305292,-0.0044930295742418025
2023-02-16,0.029181651960313637,0.02383830322311975,0.01949152029918033,0.04702084149296204,-0.01690551953753927
2023-02-17,0.03182808889613997,0.02961162895931646,0.023886007259871445,0.04855103650467463,-0.0041448629284526195
2023-02-21,0.01012468674388689,0.008613582487331017,0.0025787388250586574,0.02695981263247016,-0.01644118648287385
2023-02-22,0.006763334300199597,0.005208070233418294,0.000369255113149336,0.025547437807443396,-0.01760749297922337
2023-02-23,0.011366415780665218,0.012237285090062944,0.0038496747414482613,0.03427786423361279,-0.024677750456288394
2023-02-24,-0.00015773040671240857,-0.0018819535864668113,-0.006894907810087059,0.023694126052625553,-0.028899580952073345
2023-02-27,0.00250504523898476,3.061697020356746e-06,-0.004050004905845839,0.026759444869873583,-0.02892355177218464
2023-02-28,-0.005392820778930774,-0.005761725247413141,-0.011585891216624455,0.02128511936168831,-0.03291848812736953
2023-03-01,-0.004441937747091784,-0.008109785859164442,-0.010284817997022189,0.019103269382964916,-0.04187752980416792
2023-03-02,0.013053655132629238,0.0016121822500427818,0.00012688877501521034,0.031019697719856465,-0.036022573120980894
2023-03-03,0.024294251557955393,0.014053519674338322,0.011537515480723126,0.04464062054771545,-0.03255553419512902
2023-03-06,0.02236219902119596,0.014294626778768471,0.012959918166980833,0.04457745653128686,-0.028958598186233142
2023-03-07,0.007930347329702325,0.0001221405011884169,-0.004624856896575658,0.029335007097603727,-0.037060077967954186
2023-03-08,0.006744390124505895,-0.003431460703192002,-0.00577504853666333,0.029513192149436263,-0.04331913851863867
2023-03-09,-0.009431233309186715,-0.020100423638400366,-0.022149259821981238,0.01133482113662776,-0.05745727304019177
2023-03-10,-0.021791941669378145,-0.026748162156206012,-0.032288462952671626,0.0009860550546196833,-0.058372909509945003
2023-03-13,-0.023817346933764694,-0.02827737025531718,-0.03504305147900033,-0.0010960163627645736,-0.05546942990505355
2023-03-14,-0.009146171075596232,-0.014682120400487997,-0.024842891019805413,0.013517944450217145,-0.04645321920137846
2023-03-15,-0.01653430572559378,-0.02268651609555372,-0.0328636075385782,0.007202709487049264,-0.04003907105736626
2023-03-16,0.0027108976903984505,-0.005268156271902025,-0.02163458490595116,0.022327841872510135,-0.03799644790024137
2023-03-17,-0.008910127775629606,-0.015250998965821272,-0.033445579345277365,0.011941993421757058,-0.04136343502019324
2023-03-20,-0.0017601712041540596,-0.006079722125676201,-0.021913915768090653,0.02292533382720796,-0.03073794874151592
2023-03-21,0.013142418837582825,0.004077300442404841,-0.011838693449398696,0.03398247962991641,-0.0278125951942767
2023-03-22,-0.0063365579897568525,-0.01615670246977219,-0.028347791111231646,0.017310104283827288,-0.03814786291862993
2023-03-23,-0.003185777789715849,-0.01575740170306339,-0.026344391935530842,0.02101023099689492,-0.03629883893226782
2023-03-24,0.0015063782188720065,-0.011284453013404416,-0.021853055971311597,0.02379433743794679,-0.02831161635214574
2023-03-27,0.002261523520244779,-0.003061448563145608,-0.01581408658515482,0.02918908033175338,-0.020160878093607892
2023-03-28,-0.0010418083520882249,-0.009677557469507159,-0.01733158270387991,0.027258640604435946,-0.022499589170694057
2023-03-29,0.010424629904663973,-0.0020409228729989515,-0.007408119750233033,0.04067250105753706,-0.01310911372644441
2023-03-30,0.013283370087372015,0.003586014028200246,-0.0031589550606969663,0.04595936620311969,-0.007935616559913594
2023-03-31,0.028064129106874613,0.01724867633689864,0.009404301578238794,0.06000824716381303,0.00015991680344384918
2023-04-03,0.03167137749311477,0.03050813839986999,0.019388429265213336,0.06648092702628161,0.00745053863037648
2023-04-04,,,0.01341022214411014,0.061057467397221954,0.010911288784816398
2023-04-05,0.02473324261554355,0.030044129465371272,0.016080933386416474,0.06036370851511963,0.02244462892878829
2023-04-06,0.02799650566858447,0.03525088709512847,0.016323397256276406,0.060275861744563564,0.025154162530826252
2023-04-10,0.031218599660446822,0.03793987484381689,0.019540383693709806,0.06357546824739102,0.02336267359180555
2023-04-11,0.03044195843200259,0.03863172933200554,0.022392699009097017,0.06310808940509172,0.02176473258509759
2023-04-12,0.03306325821632261,0.03651901338260766,0.021512572717216294,0.0587332662735236,0.018449637090958815
2023-04-13,0.048802656126070376,0.05027392265485586,0.03292319942292421,0.07225256419015635,0.029151316871330213
2023-04-14,0.044434903678990834,0.040087761748244466,0.028280591752288142,0.07064546447064779,0.026428700251209802
2023-04-17,0.05035006472668102,0.04311484661166709,0.03155736513751872,0.07528193952885665,0.030283437500777
2023-04-18,0.05113896251804695,0.044998007691830155,0.0311931816741009,0.07684448285694456,0.02412428001308098
2023-04-19,0.05302907929838585,0.03768948524014748,0.028735187125344064,0.07698247929169866,0.024594219637520176
2023-04-20,0.04769127584814892,0.033906505049866364,0.025579353079866474,0.06984334024286554,0.01693440049535333
2023-04-21,0.05587902266703648,0.03360892015520767,0.02662382032939581,0.07331486644806984,0.024319822736068808
2023-04-24,0.0552178534372183,0.03495127565464706,0.028567335025573737,0.07410269593398655,0.024763801719580147
2023-04-25,0.04151076168688084,0.024301422814460905,0.01818274207325521,0.0614536509471133,0.022044536262555647
2023-04-26,0.04507139010271999,0.025165795268679236,0.010956616523005724,0.05683127933969878,0.014867252680865084
2023-04-27,0.06662414010443629,0.046201962912818084,0.026897299287998777,0.07497143892233105,0.03686114792255135
2023-04-28,0.0733934292164593,0.05230347706883531,0.0354898443140077,0.08271115124024675,0.0354912729990684
2023-05-01,0.07570274520894227,0.04946541120051706,0.03345552758128911,0.08269197132260997,0.03387799880381226
2023-05-02,0.06965783924725977,0.045649925743000086,0.02285870559404901,0.07072313432015598,0.028480148726091947
2023-05-03,0.06594679014295335,0.03965816476016637,0.014478194539510714,0.06337215182024303,0.0266571841480725
2023-05-04,0.057363874789201796,0.030523167962202002,0.006037213815095921,0.05382782832940758,0.021393073765670234
2023-05-05,0.07396264125021634,0.04806824187720604,0.022433759865577718,0.07317774225636042,0.029974896718299116
2023-05-08,0.07287552585889157,0.04799369439717749,0.0208852486581097,0.07414944182359906,0.03074310261946156
2023-05-09,0.06890550831646469,0.04524845078261697,0.019518634118899314,0.07118692186412168,0.026225783030752403
2023-05-10,0.07102558231548217,0.049924826061102934,0.01866835253505439,0.07290692787944075,0.030085279811966847
2023-05-11,0.06516468979081003,0.04503448309014724,0.012110026710038246,0.06635957644876256,0.03092032542860368
2023-05-12,0.060221687567976856,0.04106273577521269,0.011715315816505312,0.06381496911058471,0.030397599201285264
2023-05-15,0.06024677189021932,0.04147199626807563,0.013446016287407936,0.0666991668095025,0.022819638384925067
2023-05-16,0.051304617080799364,0.03747674028468473,0.0030619109937175537,0.058624875345108185,0.014317191559061193
2023-05-17,0.05954712755163327,0.04978332241430583,0.015996470912040595,0.07328411751746566,0.015587143822025196
2023-05-18,0.06900594474765742,0.05622819953254132,0.020399345601133767,0.0834988683261415,0.01730986222236308
2023-05-19,0.058499923408522614,0.05505992383382852,0.01691824325075575,0.07890300425333074,0.01506788998714459
2023-05-22,0.04511293332562594,0.053835466090885964,0.012992591295059253,0.07321161698792644,0.004208849374629731
2023-05-23,0.03263361583487012,0.04252634042749315,0.0060243396273156335,0.06457779046059309,0.002653331644744572
2023-05-24,0.027718104452818082,0.040832655464185796,-0.0018873364222281586,0.058013592160352845,-0.0015510730781859161
2023-05-25,0.030846527597580442,0.044099304260170724,-0.0026784162486294116,0.07312616289249263,-0.01563909762331195
2023-05-26,0.03966390922928609,0.05756527918328658,0.006724032226822718,0.08589645831755921,-0.010678657029084215
2023-05-30,0.03615112398289844,0.0567667132049261,0.005750665605261274,0.08798715436646098,-0.014086920178233875
2023-05-31,0.03200089610264434,0.05705179046016551,0.0027075782345860055,0.07945335113527952,-0.009096658553842452
2023-06-01,0.02961036274626161,0.07114064598607106,0.007028818869345921,0.08963413306225987,-0.0036321128274861003
2023-06-02,0.04971688648603756,0.08670850340977232,0.02872455616725289,0.10830159208644607,0.0007469570876095233
2023-06-05,0.04169292040916184,0.08428226138490014,0.022821448474867,0.10249796201120565,0.0006089838907059608
2023-06-06,0.04128681965195047,0.07650271978141454,0.022943070536699528,0.10261405993315087,-0.0012533513129243667
2023-06-07,0.033736827384909907,0.06417476027863933,0.025986157907374796,0.0999121861486274,-0.002779198099769231
2023-06-08,0.038887129545032595,0.07817342019390772,0.03097646617980132,0.10853848943665212,0.0077242435670046294
2023-06-09,0.04329725075647395,0.07991882187707544,0.03237624150571805,0.11024457083929562,0.00870749198894738
2023-06-12,0.047102152848739864,0.0896135364956685,0.038157824667997,0.11873621296384496,0.012728322145355131
2023-06-13,0.04816546355276041,0.09144646397495082,0.04257006240274852,0.12594295246427833,0.014518384405001639
2023-06-14,0.06337188640204072,0.0782937983732106,0.03587567982051043,0.1285803846577871,0.01937549514779935
2023-06-15,0.07622014177316294,0.0939005313127681,0.049112490556490584,0.1402536858356831,0.03221875143111097
2023-06-16,0.07417707854848032,0.08482255856674148,0.04592866490576375,0.13742106348240957,0.030936863770117284
2023-06-20,0.0628512546568547,0.08337549236522857,0.038334259559620776,0.13211111269491305,0.02335028463798139
2023-06-21,0.058898460993571655,0.08177199377880773,0.035193152804710026,0.12618329279647078,0.024577797931230716
2023-06-22,0.06808549791219187,0.09330565243905409,0.03491840593367401,0.12885506434702743,0.03368697725967573
2023-06-23,0.059461041885471966,0.08895025585298844,0.028270058325922554,0.12063594850006787,0.027370226904746886
2023-06-26,0.058931208373617094,0.0809440481791508,0.028209100997417913,0.11632565704236497,0.027056210507363287
2023-06-27,0.0693524312316336,0.09267301126484706,0.03458309186103592,0.12646966281380223,0.03178530876591101
2023-06-28,0.06887033438645829,0.09002608330057682,0.03275310409346499,0.1240522465097631,0.03252969488153035
2023-06-29,0.07065872582703037,0.09501184124351236,0.04046932656489166,0.1305390944783964,0.03276360593925931
2023-06-30,0.07497873719417636,0.11090770174932141,0.04867340272780618,0.14345220725948105,0.04418324358932724
2023-07-03,0.07224935402352917,0.10623184263397589,0.04934432346825934,0.14403602178271058,0.0436665775368692
2023-07-05,0.06799055868895132,0.10201932438037598,0.04550118335242681,0.14098757189243605,0.0454229231733112
2023-07-06,,,0.03458309186103592,0.129278921876667,0.03601153741615226
2023-07-07,0.04751377840292115,0.088290333539921,0.029093616216951057,0.12500277826922956,0.022227113887711702
2023-07-10,0.05174494322311585,0.0839336260916943,0.03565096672471091,0.12752032816012981,0.01679742081519442
2023-07-11,0.060544186368782116,0.08772711072614281,0.04498309482600038,0.13884999562674505,0.016777679664570444
2023-07-12,0.06791631896965478,0.08884480640199777,0.04800248198735324,0.14555022394113526,0.018355367189854643
2023-07-13,0.07219544817421064,0.09428088544178004,0.0488868996751608,0.15448174932252567,0.020082216469275327
2023-07-14,0.07323191859637834,0.10704828049490045,0.052699219765701244,0.15230878856718344,0.01932015163667722
2023-07-17,0.07419170885157422,0.1108289060768044,0.05477274425211398,0.15380842321121113,-0.0014976736930250034
2023-07-18,0.08485507882635557,0.12253814058121248,0.06614845460005458,0.16337311852341352,0.0028899970033335887
2023-07-19,0.08667335166401902,0.12667533024798106,0.0695333906689839,0.16902634033005937,0.01961546749021914
2023-07-20,0.08044425699961333,0.11991439311925434,0.07484057951790835,0.16708326229699688,0.0274294268803279
2023-07-21,0.08488152009394145,0.12080750781039629,0.07477338015896495,0.16495269200836038,0.033152431514402725
2023-07-24,0.08631775463803626,0.1228324411790731,0.08066419885392406,0.16901722283913978,0.03369880786111734
2023-07-25,0.08986809125071682,0.125978271638842,0.0814270920116249,0.173730992871445,0.035335814463508974
2023-07-26,0.08488103522771273,0.11862218409919723,0.08426536275852503,0.1767912071597475,0.03797335429372861
2023-07-27,0.06790147079939435,0.10546044923991094,0.07669602306586287,0.16956414830663236,0.030508431336679243
2023-07-28,0.08118460250047321,0.11987855838563699,0.0819155308934667,0.17882169374296497,0.040894866466095525
2023-07-31,0.08053932723311696,0.1213702187183443,0.08524253311738517,0.18164595512645398,0.036160119070719254
2023-08-01,0.07804612482537232,0.11504195758493685,0.0871649809608317,0.1816944254706414,0.0282241538805188
2023-08-02,0.06662649821400302,0.10014705314558658,0.07660473337069429,0.16535837821588073,0.02508630892717556
2023-08-03,0.06619024297408038,0.09983287088999848,0.07431556623896407,0.1630784921624353,0.024165995851227695
2023-08-04,0.0652359648383416,0.1164332119561462,0.07022586592079616,0.16179153241203426,0.023111795407884994
2023-08-07,0.07770091396140666,0.12887762586760232,0.08234271985162689,0.1741301692261248,0.03398063824715414
2023-08-08,0.07364957581756393,0.1286249914541231,0.07745891622356371,0.16802510167444118,0.03144807207930289
2023-08-09,0.07086033382971957,0.12011031211087242,0.07214889895459642,0.15735881009288,0.03027795495758534
2023-08-10,0.06987226419767101,0.12364267352585445,0.07401009687436155,0.16012017243907972,0.031476422088764666
2023-08-11,0.07041644379789602,0.125416480856547,0.07739815395851046,0.15937284401361906,0.038013067691097246
2023-08-14,0.06886557349922362,0.13050494423325287,0.07803874233229946,0.16823268808385627,0.039051961041076444
2023-08-15,0.0617669531521452,0.12307982050040311,0.06705150084745304,0.1567185048275188,0.03108260337802049
2023-08-16,0.058043014294217654,0.11307050178506972,0.061435721618706696,0.1499995473751281,0.026794006653360514
2023-08-17,0.04773464286772677,0.10694980243382557,0.053164543628574146,0.14358987383826638,0.02059109321154895
2023-08-18,0.048900599186376015,0.10508197890073268,0.05490694790654982,0.14500129124495587,0.022982371943245372
2023-08-21,0.04594608912594289,0.11048345634612655,0.053531067853406444,0.15361695548782084,0.016648223887363978
2023-08-22,0.04197357554340164,0.10788634921070983,0.04830405008293126,0.14581984415482818,0.014040499220049796
2023-08-23,0.043648851499632046,0.11817375817568543,0.0540205795842299,0.1558674340968602,0.018957171841176734
2023-08-24,0.033673931457298245,0.0994693262079791,0.04240474612784406,0.14334145058561898,0.01431085130406018
2023-08-25,0.04060430255150482,0.1077324225375107,0.04995477453883579,0.14821874281665082,0.02049472684603093
2023-08-28,0.04400350624209315,0.11088209722151765,0.05670991938612757,0.1564079301940715,0.021690434841419304
2023-08-29,0.05476131465579526,0.12482391673688853,0.06560530042014712,0.17043096564564442,0.033130399067796024
2023-08-30,0.055793490821148595,0.127623979703392,0.06798936592089366,0.17401782223037254,0.0338661982967674
2023-08-31,0.054825744415947675,0.1340555808151993,0.06312906743870172,0.17388955095716097,0.036397384341469774
2023-09-01,0.05741845911500021,0.13705448228842165,0.06670516568982143,0.17529325507519022,0.032883382187360644
2023-09-05,0.04990588535467588,0.13073148598960693,0.06059216972392867,0.16790907889531415,0.023099302871480765
2023-09-06,0.047027994156828345,0.11406837420344784,0.05454013108654032,0.1584373388872342,0.017719383119296106
2023-09-07,0.04713148501085418,0.12008628759359863,0.05664896205762293,0.1570081421081475,0.022126723719072316
2023-09-08,0.049785603144068435,0.127197501925024,0.059155722469183436,0.1579088362731942,0.02141380907578072
2023-09-11,0.05693759653720076,0.14564160257477576,0.06178420247430183,0.16268121190799434,0.033360671813905896
2023-09-12,0.04805175658936878,0.13387749526482162,0.061295275933832105,0.15901185500881487,0.031323439957568366
2023-09-13,0.0523058622629442,0.14054163641030648,0.05927773465791808,0.15858676028894436,0.03302856502427409
2023-09-14,0.06104913461162842,0.14864693499096848,0.06964009037679797,0.1670538591349815,0.038573310076858824
2023-09-15,0.048701333581593564,0.13195139148596668,0.06082253965981321,0.15303071181794525,0.026218702792394577
2023-09-18,0.04813087010060513,0.1367286729569417,0.06085316462165391,0.15305406124607335,0.024550082574179344
2023-09-19,0.04609762248620264,0.1326002323537563,0.05754313291799118,0.14880482066782164,0.020424840051843862
2023-09-20,0.04171269754121565,0.12709713336811923,0.05524460274060239,0.14206757726055108,0.02088961005611001
2023-09-21,0.029940081106294425,0.1037008278503675,0.04378267434722494,0.12390574121054265,0.0053137503576592415
2023-09-22,0.024905483004941997,0.10105731773867244,0.040718032465190346,0.12188555633044107,0.0044586100554853125
2023-09-25,0.023801313345328534,0.10722377942447414,0.04194390872434939,0.12424829719819752,0.0026883878738761524
2023-09-26,0.015082142884092375,0.08705278228582669,0.029868993435529623,0.11036464613822239,-0.007351466043976074
2023-09-27,0.008510662608614883,0.08443019085804959,0.027999212723910816,0.1086820627948295,-0.01818456789363776
2023-09-28,0.009713581701110918,0.08661891756934015,0.03164631407127261,0.1131549796272171,-0.016357059941087826
2023-09-29,0.014846881946326107,0.08650483643299967,0.02652823923830061,0.11091161295093843,-0.02084831556806388
2023-10-02,0.013959229195924072,0.09353971478336165,0.023892541885487173,0.11163623916095,-0.027855450408784344
2023-10-03,0.00605333732551161,0.07216767225851628,0.011296709650198355,0.09609898542159678,-0.034469078101403094
2023-10-04,,,0.014391781430622475,0.10210190716763523,-0.03228983009774666
2023-10-05,0.011776167066030796,0.08140431433420026,0.014943420870657809,0.1022592143215888,-0.03949774988316057
2023-10-06,0.020726654550494494,0.09474763008907816,0.02392316684732787,0.11346691267596376,-0.041476948258371116
2023-10-09,0.021873899597296464,0.10189619920037285,0.030021630586105186,0.11738138638314233,-0.036675490773756314
2023-10-10,0.02496972466395264,0.1051460820380925,0.03419033160201512,0.12344932984402912,-0.02811223136430452
2023-10-11,0.02960775824748607,0.12441233781629157,0.03596745717430694,0.12796198759428745,-0.031041552939624517
2023-10-12,0.028986924130170788,0.1269523353572528,0.03057366015304286,0.12268639958382987,-0.037397496831120924
2023-10-13,0.03419449025532639,0.11772004098808742,0.03183045396921935,0.11795846802146537,-0.03813978625119874
2023-10-16,0.044758105696160344,0.13117939394601796,0.041668186536057306,0.1304664548447485,-0.026904950625014856
2023-10-17,0.04471177823758832,0.12447620424303363,0.0419744361544645,0.1267605382875847,-0.024678739991585097
2023-10-18,0.041710218962593304,0.11472716796029059,0.03167684150138772,0.11119327072874974,-0.03117713600892902
2023-10-19,0.03614635347745043,0.11108604594585025,0.02398451430273485,0.10480505984086674,-0.02839011846145567
2023-10-20,0.02798048927351582,0.09581342686831817,0.01557347581808144,0.0938180160367823,-0.03144022751071818
2023-10-23,0.026291418319257298,0.094816753427722,0.009839000479270776,0.09367797372157116,-0.03243014954413648
2023-10-24,0.033168306705184,0.1064669442216637,0.016340075181355385,0.10422162261078882,-0.002362030056335729
2023-10-25,0.04101247622205917,0.08385963209999181,0.01299746788133982,0.09304553100118707,-0.011280394589810894
2023-10-26,0.0234874460037926,0.06675573106826649,0.005239501831353133,0.08270656072182447,-0.01156307178142546
2023-10-27,0.014627308553850638,0.0803077934251124,-0.005891598948764121,0.07479389784743362,-0.019205815380185287
2023-10-30,0.030621841364099733,0.10171325560508726,0.0095633758227045,0.09218870420685321,0.0013470836601590097
2023-10-31,0.03739853885280464,0.09855820262213988,0.013396177575622614,0.09648343587553088,0.008828491105966396
2023-11-01,0.038608701057261996,0.1193463644242081,0.02014264209933514,0.1073350132780806,0.015289663330265046
2023-11-02,0.0550741725186501,0.13437777588738964,0.037651635012094786,0.12701686670177992,0.026252271970853114
2023-11-03,0.0609452049126149,0.13900866945176138,0.04445895933258659,0.13700143949206844,0.027177930797151584
2023-11-06,0.06615368656441478,0.14884727766003092,0.045777978389700325,0.14040839619232415,0.02763394625934512
2023-11-07,0.07507954775398629,0.15826043129577982,0.047310982052797046,0.14430490634387505,0.03255447061336714
2023-11-08,0.07778629064051157,0.15917152327926698,0.046023173147877294,0.14492793412183924,0.028194513966393275
2023-11-09,0.06940211390687478,0.14491536792708204,0.039859460684668724,0.14009556816377766,0.021613450347806262
2023-11-10,0.07822717173230309,0.1652926571934692,0.05181870334691818,0.1545032057253204,0.027346873049292286
2023-11-13,0.07367748930959639,0.1604819553467105,0.05353555431278467,0.15634062155616713,0.03117638896892405
2023-11-14,0.08333065886413071,0.17693874987016445,0.06840806961892598,0.17416587034111353,0.03577746775390689
2023-11-15,0.08565190372706266,0.17391508905710884,0.07408119750232944,0.17657701014421834,0.03721457415116913
2023-11-16,0.09302612419412015,0.16852961143234246,0.07331450060732991,0.17476717320860868,0.02795255957087206
2023-11-17,0.0835929781183038,0.16731642611002062,0.0736737099527418,0.17538182943488945,0.02835048929604711
2023-11-20,0.09014514084964365,0.17403794836033692,0.080095588893633,0.18550220585924349,0.03523295206645671
2023-11-21,0.09099948248948753,0.16302682467199214,0.07794472174881406,0.1822340805333582,0.03965814303093018
2023-11-22,0.1003862307215928,0.1750656127128989,0.08329131341488405,0.18534805419207223,0.04339435650875867
2023-11-24,0.10379288323778191,0.1756330903674066,0.08710129274401024,0.18632239047521404,0.0475340618302551
2023-11-27,0.10134331234945382,0.17695524434899168,0.08562632045765017,0.18657496016345498,0.047091112976980876
2023-11-28,0.10284984068580538,0.1800021692673821,0.08805388510801726,0.18712897447639332,0.049756687065545036
2023-11-29,0.09921301115619685,0.17531711395679772,0.08971309482404988,0.18983059080575448,0.04748869622512619
2023-11-30,0.1171120203343643,0.1803102753703174,0.10615167704826844,0.20213703127353821,0.05737069577649767
2023-12-01,0.12074051665289831,0.18441193531881384,0.11552301290325206,0.21217793878564195,0.06362289565947754
2023-12-04,0.12040729369006908,0.1746553656386991,0.11426348819875853,0.2065232424789707,0.05940231166923082
2023-12-05,0.12427805807319303,0.1799215456725387,0.1120206486366917,0.20853556025903353,0.0631259009992029
2023-12-06,0.12247795875659717,0.1694128633983143,0.10990050398543905,0.20322892155401973,0.058402576131151074
2023-12-07,0.1230679618583248,0.17977853598588034,0.11177457609298425,0.2090561798279411,0.05889888572608171
2023-12-08,0.12602808647591268,0.17973267635780688,0.11573846048511882,0.2142619155147485,0.05284212700175828
2023-12-11,0.12586029578591784,0.1772309256310165,0.1205625746971104,0.21621241321827145,0.05133052009742545
2023-12-12,0.13314305628700507,0.18576970674154003,0.12584733124914527,0.22411099992720973,0.05180232163582099
2023-12-13,0.144037482853133,0.20306346865410663,0.14222427342278032,0.2392918260591761,0.06008009495491673
2023-12-14,0.12806309494963308,0.1878097159491463,0.1471102227488068,0.2442481657892801,0.05819406339464894
2023-12-15,0.13011370287527102,0.1945715724973598,0.1475194658694554,0.2485423656100776,0.053391363979264694
2023-12-18,0.12729485510953498,0.20674097559661275,0.14859758156431901,0.25454723941754676,0.06476513740866863
2023-12-19,0.12886290627271446,0.21031572674375099,0.1563577908439946,0.25952314591629566,0.06538162499353639
2023-12-20,0.11504231354462102,0.19708428101181008,0.14188418029558725,0.24132687603865932,0.05205007762004765
2023-12-21,0.1249935104611386,0.20697649205985935,0.1513689455474525,0.25319406814537526,0.059582444461451
2023-12-22,0.10761673268104599,0.21184146884297417,0.15112267794029366,0.25128595188598735,0.06353381436296601
2023-12-26,0.10855275701670286,0.21160741746922773,0.15589597812324363,0.25633413567255303,0.06524133959481704
2023-12-27,0.1100677501437477,0.21482145403996045,0.15962217770007303,0.25911292442365097,0.06689907865141209
2023-12-28,0.11543699101420768,0.2172560046861438,0.16106925591290944,0.26101332297637136,0.06909042134966703
2023-12-29,0.11636691243847164,0.21332223934708572,0.1605767206985924,0.2597697902704399,0.07062861627131078
2024-01-02,0.12032562920591605,0.21111566945058713,0.1612541760646613,0.25505812854098475,0.08681231142048529
2024-01-03,0.11555527403050592,0.20893095836257514,0.1523850310648298,0.24559528799463926,0.08764705659558447
2024-01-04,,,0.15340111658220734,0.2450178093674109,0.08399068174828539
2024-01-05,0.10793954985642373,0.19644423972299419,0.15370931683512667,0.24933029597510425,0.08804809366872512
2024-01-08,0.11723935991392742,0.21903646160332468,0.16048445568616776,0.26475371975535644,0.09540516942950661
2024-01-09,0.11611825415345511,0.22163838559774685,0.15537233028845776,0.26289292917885176,0.09572178377316565
2024-01-10,0.12152997557843426,0.22944084807230514,0.16082318336920198,0.27149616188374637,0.10226383322726185
2024-01-11,0.12634626020554918,0.2324062155540938,0.16150063873527087,0.2734034461220143,0.09375387673296598
2024-01-12,0.11697288752520696,0.22684933698723642,0.15762043656370772,0.2736387763296133,0.10024483729912159
2024-01-16,0.10840977776207805,0.2205584460148584,0.15069119758620664,0.27089986814494105,0.10114569870306922
2024-01-17,0.11136800686108916,0.22228658899138032,0.14779684609708266,0.2661808343255221,0.09544813872804236
2024-01-18,0.11077334843125475,0.22532620644257628,0.15423296466991254,0.27750024134032847,0.10190615042162787
2024-01-19,0.10584555684597641,0.21618469328881917,0.16656731434884775,0.29623168038446757,0.10745212295082585
2024-01-22,0.11219822481495911,0.227123070129309,0.17109678521777938,0.30035418761238075,0.10858555570762984
2024-01-23,0.11596919282090479,0.2308405820127697,0.16792320039824138,0.29953717439319005,0.12916205070555686
2024-01-24,0.1113926358298376,0.22635586229280613,0.16499559059068525,0.29881995791158955,0.11620308934392032
2024-01-25,0.10093556129966097,0.20913131775233285,0.1723601136595716,0.31149442039881703,0.12924006326917836
2024-01-26,0.11139584882592635,0.21980956890298442,0.1742398426072025,0.31347434658910567,0.13199720929699388
2024-01-29,0.12095771804242506,0.23107243098864294,0.18108023018267505,0.3247370230896216,0.1334005288564868
2024-01-30,0.12041266723384125,0.22761506503010898,0.18471611538159172,0.3279942197575014,0.13653722930962364
2024-01-31,0.11318123688457327,0.22695459666657714,0.17510241318847397,0.31149015568265437,0.12954756407040025
2024-02-01,0.1180487273275943,0.22933844660810587,0.18659555173404585,0.32867346486769344,0.14636021294450052
2024-02-02,0.12321470235320198,0.2421223415039233,0.1906625271601472,0.343670238644715,0.152277671663535
2024-02-05,0.10915628656623877,0.22458798760440724,0.18191188320692864,0.342933692553266,0.13841798094987956
2024-02-06,0.1203496932783974,0.23858138479843416,0.18653371662001073,0.34422953677960244,0.13886337236504476
2024-02-07,0.13107371440760662,0.25661401836265085,0.19143293026072006,0.3524958505378102,0.13621838086172833
2024-02-08,0.1317955592390463,0.2597158205880008,0.1935283018536682,0.35533456742904246,0.1324353059545209
2024-02-09,0.13512356464781305,0.2598118810963652,0.19158722545063056,0.3612809112193771,0.13222322415175336
2024-02-12,0.1360998140796741,0.2558727238719751,0.19586994105377564,0.3632905024077191,0.13559586138678337
2024-02-13,0.12288784165783806,0.24783070640793903,0.1795699514116451,0.34863657566001405,0.12816184692982646
2024-02-14,0.12893830323913313,0.253813402978482,0.18409932474885093,0.35916366149684187,0.12944194133165143
2024-02-15,0.13186286011927462,0.2585662944751177,0.19630142140786266,0.3654713908389371,0.13686475123396447
2024-02-16,0.12412535060326468,0.254800387421086,0.19183271280398428,0.3604637696197539,0.1374457381452454
2024-02-20,0.1243404058889408,0.25485877039082827,0.19028937077797337,0.3507949697375936,0.1455130244501177
2024-02-21,0.12913655009589808,0.2586333436529755,0.19140064725954375,0.34823248649621186,0.15227397485223548
2024-02-22,0.14275014362482885,0.2765921297517506,0.2052574671752101,0.3892348901191611,0.1590800097899958
2024-02-23,0.14567523426228335,0.2793543225851953,0.2075409774668553,0.391766610236157,0.16132349126699697
2024-02-26,0.13988344791302243,0.2754613317052943,0.20578209032725203,0.3907625646700472,0.1545770987219659
2024-02-27,0.13217551254954363,0.26263358544423787,0.2025415987439474,0.3897788144209411,0.153249280604554
2024-02-28,0.12044043283724326,0.24195938655342863,0.20235658106047016,0.38881429293438496,0.1551870254710941
2024-02-29,0.12061290358039534,0.24001029166048493,0.20343645232639496,0.39542308448875807,0.15215352396730109
2024-03-01,0.11930005467314886,0.23806139376216118,0.20763373013790765,0.40642373573238766,0.15378123774076058
2024-03-04,0.10921791653268098,0.22916191072029757,0.204300876010453,0.4113760309883918,0.15351539127094926
2024-03-05,0.09007953825141857,0.20804538182825372,0.19183271280398428,0.40155231665013735,0.15256182332107548
2024-03-06,0.0897815116153029,0.2104485495977355,0.19488789410863516,0.41068864540830674,0.15074114336096867
2024-03-07,0.10303640346020537,0.2300665488231799,0.19880769416079502,0.42412117337332744,0.14941875474612432
2024-03-08,0.10093743347285411,0.22453406965246758,0.1973876322359518,0.4114020768541069,0.14837726402379814
2024-03-11,0.11294709487192178,0.242429804159648,0.19871474642629128,0.408210311292706,0.15583255188043932
2024-03-12,0.1208921413756141,0.24993483570789787,0.20602904065648975,0.43067149762964396,0.16347680391585628
2024-03-13,0.11840163519188684,0.24263247348941053,0.20735605731510365,0.42981828976585335,0.16177107751475517
2024-03-14,0.12104040326671561,0.24558251081897065,0.20380687782025175,0.4185941421465684,0.15674444587159853
2024-03-15,0.11439028857872824,0.24378888769876306,0.19719627499031023,0.4111370039859139,0.14765338458405064
2024-03-18,0.11104890938255974,0.2394495683243072,0.1994544270332974,0.4170435388859106,0.15067701527281296
2024-03-19,0.12118370280103963,0.25160497285894823,0.20926085191621557,0.42743430543696737,0.1544788044796208
2024-03-20,0.12772746276028135,0.2589432372172029,0.22191335008408197,0.44266561940790017,0.16167141662379447
2024-03-21,0.13291483245395463,0.2628379101167766,0.2304513748754764,0.4511130995802983,0.16411196427869745
2024-03-22,0.11822361617700872,0.2560997842171475,0.22049006961229378,0.44860792992239684,0.1605171748449472
2024-03-25,0.11140653256050692,0.24689398776540084,0.21560246224693191,0.44772464759935615,0.16221552813600137
2024-03-26,0.11431080968280583,0.2551938470519737,0.2152932866767565,0.4398657674566149,0.161347666007446
2024-03-27,0.12188023559294714,0.2605284300484212,0.2298636486969663,0.4491957775670199,0.17695272387064742
2024-03-28,0.1222613585968142,0.26308993352100396,0.23048238996421944,0.4512204467557348,0.17947634683934988
2024-04-01,0.11419700810806077,0.24910132438098076,0.22296503468130613,0.44577178774211745,0.17927480783163818
2024-04-02,0.08195057958210494,0.19710587557338766,0.21151910149092834,0.435692222023347,0.17556561323551279
2024-04-03,0.07967985040664316,0.19903125282484369,0.21037446915920022,0.43337609327896365,0.17322765005917184
2024-04-04,0.06788177826820108,0.1865555454806307,0.19416420870462847,0.4098121128489962,0.1618293044765573
2024-04-05,,,0.20295006161079088,0.42546820344985314,0.16467232118011776
2024-04-08,0.0757172509397428,0.1927593722451031,0.2036922780426631,0.4224697694896422,0.1603042188947592
2024-04-09,0.08237353578573492,0.20188266976071279,0.2028881289650304,0.41913638608188464,0.16196908683090183
2024-04-10,0.062078389892179064,0.17414268857331971,0.1894931217701148,0.41149349319613515,0.15895178875448424
2024-04-11,0.0634985017391918,0.16374820204167873,0.1895856793777162,0.4217979327281509,0.15577796791508747
2024-04-12,0.05570260950223238,0.1547256056703683,0.17513918264902806,0.4010316209775606,0.14600777712225588
2024-04-15,0.054474799374001126,0.1567078756035747,0.16721950899798443,0.38543572707030727,0.1455904671495094
2024-04-16,0.06936812084585897,0.18646723501722584,0.16929225323059205,0.38728189336776775,0.1394490051659547
2024-04-17,0.07794355063909975,0.20107000479777382,0.1676529399865836,0.3761835441308601,0.14074030630632617
2024-04-18,0.08514025412503679,0.21867654340106313,0.16885940743234662,0.37699633556777634,0.1429834369502836
2024-04-19,0.08865084769091913,0.2243088212713471,0.17553877012884112,0.36271291878567435,0.14826954319094443
2024-04-22,0.0845090195865843,0.21382898503408954,0.18349306754247574,0.3776347419195516,0.1435724265438294
2024-04-23,0.08365686044814802,0.2048690220238547,0.19169519307087812,0.3920729752044392,0.15183660184739334
2024-04-24,0.08643104447995031,0.20745243307997163,0.18990012166107428,0.38537681455831874,0.1519662385716669
2024-04-25,0.08230883647873233,0.21297573641296008,0.17900504765692715,0.3813783270511293,0.1490312093368633
2024-04-26,0.08871525719227691,0.22022738250856833,0.1833073671369192,0.398109312656457,0.155511465633974
2024-04-29,0.08335848689759562,0.20943235713804564,0.1879191547822634,0.4032032620943933,0.1608241563647539
2024-04-30,0.06311704837633614,0.18992800222391715,0.17036968620337656,0.3825750759706348,0.1471723668518492
2024-05-01,0.06810130433489081,0.19451587479769006,0.17272205389330053,0.3773342884873938,0.15284033808214215
2024-05-02,0.08049610787220396,0.2104369806276305,0.18305983161732775,0.39319680862621165,0.15703410798346984
2024-05-03,0.09481904937103725,0.21935939112075387,0.19711161745248318,0.4121766130973228,0.15722063475663361
2024-05-06,0.10139989912674485,0.22838273483155813,0.20231181399841636,0.4268003421798445,0.1623813705365038
2024-05-07,0.10639163618200453,0.23892345941994253,0.20320939846918096,0.42262590073497,0.16556969297286406
2024-05-08,0.11052852980222316,0.2431930857648088,0.20859490529376856,0.42716502559722036,0.1656204263488441
2024-05-09,0.11740436577451319,0.25113339872192086,0.21948978423446452,0.431467662932449,0.17179372777315272
2024-05-10,0.11911356477338808,0.2613527764990644,0.22314205476328342,0.4373582895386683,0.178665820818672
2024-05-13,0.11885901802883625,0.2557735889669335,0.22091364989660645,0.4370486744017965,0.17839026218455567
2024-05-14,0.1224767795582391,0.2590123773277,0.22438012248814343,0.44151686725616335,0.17516454440336537
2024-05-15,0.1308123678081865,0.27062538540166425,0.23583200511378322,0.45793076519823517,0.1783103733501148
2024-05-16,0.13241117592218132,0.27241280440290816,0.23561538715120944,0.458995706197979,0.1901984695341825
2024-05-17,0.13474778106375984,0.2759334295357536,0.2397504397217849,0.4579540750402309,0.19107013468974676
2024-05-20,0.12948005349149505,0.263779721612027,0.2340162569781512,0.45717905561773775,0.1843955297501414
2024-05-21,0.138260167912575,0.2744540189347118,0.23612382003680055,0.45991251955069923,0.18352010992009005
2024-05-22,0.13461977528551405,0.269323388333256,0.22955242496055317,0.45468298091021087,0.18650722626051586
2024-05-23,0.12240203183999787,0.257142745316566,0.21095371007758268,0.4568179432994264,0.1713915751869628
2024-05-24,0.11815434078289888,0.24662620686005643,0.21089177743182197,0.46460908129342315,0.172094610856514
2024-05-28,0.11202446713221947,0.23860601288361205,0.20456830800206838,0.47514996334398885,0.16243366467690512
2024-05-29,0.09323998941106626,0.20646913418893398,0.1921073621432947,0.4678734326927343,0.1571272441771454
2024-05-30,0.08994855477422559,0.20032951323389092,0.18249814640955497,0.4479255375110862,0.16588024406616064
2024-05-31,0.10724010765852987,0.22370327465823103,0.20125125401416155,0.4626287401725697,0.17999504025685176
2024-06-03,0.10625012146687696,0.22370934412758925,0.19725274585943686,0.4732328501515757,0.18368676990408894
2024-06-04,0.11590935252987156,0.23934336792366362,0.2011898090270292,0.4816150505069545,0.19572162678578864
2024-06-05,0.11733404742518094,0.2399652687728131,0.20435110484914087,0.4971129095978688,0.19477288621419442
2024-06-06,0.11791325183094425,0.23646891157199357,0.20683094650443357,0.4972650205974536,0.20064458274266062
2024-06-07,0.10702328604472311,0.21161419969730133,0.20422723955761946,0.4945546481619807,0.19153566174582792
2024-06-10,0.1118232241388768,0.2212912236811393,0.20670708121291215,0.4985965075498684,0.1924525479829915
2024-06-11,0.11455425905803773,0.22707680486130544,0.20261562532368327,0.4940824783139348,0.19194997601302521
2024-06-12,0.11235381019257651,0.22955198220880813,0.20174749543405213,0.5008484996817322,0.18111484857006
2024-06-13,0.11621767405708394,0.2373086101042401,0.19923683375346757,0.5084333213371957,0.17998672217637113
2024-06-14,0.11407025966201534,0.23506880687951615,0.19793459015315795,0.5123447454015191,0.18024677329482564
2024-06-17,0.12013051485067883,0.2327428387866517,0.20450627782458208,0.5173074482595077,0.18059161905928556
2024-06-18,0.11212277470303955,0.22008818420666132,0.20624175735003947,0.5299887049031078,0.18415635159480748
2024-06-20,0.11894559185517961,0.2263572086421386,0.21532430176549977,0.5290092591894282,0.1917806045507533
2024-06-21,0.12255861365537091,0.2264677702479918,0.21577158225913506,0.5213198176474165,0.19923929664034623
2024-06-24,0.13041922488765478,0.23474426770015455,0.2239735127240865,0.5081624520820893,0.21089550910410537
2024-06-25,0.12031832169194501,0.22103357329115103,0.2147774413800192,0.5187372102346237,0.2023319822437859
2024-06-26,0.11784795765882095,0.22240554687585812,0.2154612363082522,0.5220721069332583,0.2104995018445417
2024-06-27,0.12016856172761736,0.22657430590653815,0.21645557225081946,0.519503244188007,0.20944016956395717
2024-06-28,0.0967953052560373,0.2580751166551203,0.2151193876099986,0.5104756028645057,0.20131059434198773
2024-07-01,0.09303982555676993,0.2360335529245967,0.2161445435778575,0.5167724339106987,0.20583552271322159
2024-07-02,0.09567984249227401,0.2409509757686592,0.22182996045868775,0.5178751797032122,0.20462179462481966
2024-07-03,0.08881709460475484,0.23006982932736042,0.22040082808336314,0.530909223419523,0.20325504354420998
2024-07-05,0.09124029618013885,0.22961083264126114,0.2231035297316688,0.5293604636211031,0.21486925462951367
2024-07-08,,,0.22235799722112604,0.5327141189419549,0.21131304852787203
2024-07-09,0.08591390798747334,0.23303081249436497,0.22074248171816557,0.5375901136828487,0.20959093870094003
2024-07-10,0.10115245350477164,0.25477821203150985,0.23416362741554386,0.5579082621921359,0.22030163176156314
2024-07-11,0.10064756425067745,0.2596722290824691,0.23531294127010094,0.5406299080135113,0.2190548576271163
2024-07-12,0.10699094597240077,0.2714389239440347,0.2436698496470424,0.5513609949267848,0.21903805893208372
2024-07-15,0.10743292486263312,0.27549176047768253,0.2500074611770089,0.5533301288475367,0.21084350817821518
2024-07-16,0.13655123072656217,0.3247539694109638,0.27268651333248917,0.565880979063305,0.2226117395433458
2024-07-17,0.15473333150834234,0.3533968026760208,0.2797383496890786,0.5506754043070516,0.23520236501785385
2024-07-18,0.1429904408795546,0.3385898696269063,0.2635528622928107,0.5434165800844926,0.22830191456139226
2024-07-19,0.1388325784804545,0.33271724163483696,0.2524381468425956,0.5252574123861031,0.22405164496292285
2024-07-22,0.14285141408267488,0.3307792322115408,0.2561674674346448,0.5398965411850316,0.20338619269206748
2024-07-23,0.1376958111012223,0.33265170157075796,0.25411618018167026,0.5398795851317766,0.20110858718130076
2024-07-24,0.12256610559105519,0.31707849538436084,0.2391349170014767,0.5050609740518299,0.20763306952008564
2024-07-25,0.1155696171159879,0.3100609006687176,0.24168351852332282,0.5051663727665534,0.20890162704674875
2024-07-26,0.13336840229548486,0.34749625815712415,0.26182479517849955,0.5296787334260697,0.2202754198844128
2024-07-29,0.13339489123555892,0.3432032112853527,0.2603946874859189,0.5261765668058256,0.22291741822352407
2024-07-30,0.14163313142456224,0.3449362958237536,0.2663002334714448,0.5101303109324269,0.21628862958103245
2024-07-31,0.13861940710910248,0.36695390215316315,0.26965717793512467,0.5439074558086645,0.21593186210816206
2024-08-01,0.1310316825118416,0.3461666942923387,0.2533081298350133,0.5131399856692869,0.22815706759066146
2024-08-02,0.13538735291749382,0.3439453471542542,0.23434825497211875,0.4876666059014405,0.22217052229498235
2024-08-05,0.09916620418679489,0.30229663915866456,0.2022720210543687,0.44000669508805546,0.19408508800590418
2024-08-06,0.10379027373740168,0.3121698480295867,0.21206293839291512,0.45761001697391657,0.19715653726353755
2024-08-07,0.10050623293325867,0.29225399026970655,0.2052558091358747,0.4393327209192148,0.19687612660113585
2024-08-08,0.11009214479402152,0.31736288532119894,0.22623605369472588,0.4739059254421041,0.20752890203555352
2024-08-09,0.10824226871378118,0.3135428558773963,0.2281939055545681,0.47753496586282274,0.21006346993127156
2024-08-12,0.11388081680109541,0.31769808840967895,0.2239047528575333,0.48252269846773954,0.20702321018401437
2024-08-13,0.13429399293427413,0.34122025363537545,0.23639993235199497,0.511065502459134,0.21104134211670988
2024-08-14,0.14162402014767883,0.3504188512334854,0.24354852018038664,0.522435362946545,0.21464923820187765
2024-08-15,0.15674955296189852,0.37600343453698404,0.26154478159428085,0.5553022477701395,0.23087501263452492
2024-08-16,0.15528327682905685,0.38434660574087154,0.26523723519404996,0.5639713905386561,0.239145722659464
2024-08-19,0.15936951617146056,0.39789483438998174,0.2726093657375339,0.5840505186015321,0.24582321184480516
2024-08-20,0.1639458028300338,0.3944063172834775,0.27089856173865523,0.577019341025222,0.2517323838718717
2024-08-21,0.16250672155516122,0.4033094577446843,0.2722361118236345,0.5829127471658844,0.26013256513658223
2024-08-22,0.15501870114838345,0.3872012290059794,0.26753937404528627,0.5666275632652864,0.2565357349597399
2024-08-23,0.16370170922108196,0.40801097300805567,0.2810707305926008,0.5918943022260812,0.26274087859033224
2024-08-26,0.1644588782829175,0.4086622344942408,0.28383926615569144,0.5889723256190846,0.2679215735938185
2024-08-27,0.1672118950428032,0.41708282585487044,0.28436788810848324,0.5933689111095071,0.2669688170881168
2024-08-28,0.16001502176802584,0.406086626490757,0.2795466023165343,0.582049227679492,0.26570546982292065
2024-08-29,0.16727285429706718,0.40031238430650706,0.2875407902059419,0.5705516269207094,0.2681591362731832
2024-08-30,0.17088222779774775,0.41360668799898903,0.294695522533047,0.5848222334750957,0.2841334984176951
2024-09-03,0.16593790937589548,0.3795982069717623,0.2761558143440688,0.5412317283537114,0.291625803147179
2024-09-04,0.16836021036600957,0.37670992606633846,0.2766845338285864,0.5351183903101986,0.2793094141889638
2024-09-05,0.1591389847036906,0.37072609285286307,0.2705875330656933,0.5326740054040677,0.27704317531618905
2024-09-06,0.15199430322316565,0.348498144098891,0.2581759382600768,0.5087350497508571,0.26844960748936275
2024-09-09,0.1542115721396753,0.37514249762052065,0.27242298260989806,0.5326994817226782,0.28852229870270296
2024-09-10,0.16119996372484935,0.38448168539674454,0.2699654757197698,0.5370750029396578,0.30433676014749356
2024-09-11,0.1622148621677051,0.40761007197238697,0.27310716766503385,0.5634639868894826,0.30416486808549403
2024-09-12,0.1653460217231788,0.4201561972826311,0.2815060146839863,0.5771034259300474,0.3108100265338414
2024-09-13,0.17562701145579496,0.42703473107416756,0.2907447073921441,0.585523220645856,0.32229165681707284
2024-09-16,0.17734629860366735,0.4330418083789087,0.29833472381063464,0.5889147744219236,0.33125179147403894
2024-09-17,0.17494762342555803,0.4261698635638196,0.29796137236500964,0.5848320240023439,0.3177174755359544
2024-09-18,0.17275166024232336,0.4130166330501679,0.2946332972921095,0.5765997468272308,0.3150588567340229
2024-09-19,0.177704475228192,0.4229450354940194,0.3108708666298514,0.601209402754151,0.31053232898235095
2024-09-20,0.18473414746051287,0.4214684160225881,0.31214385071247897,0.6017896495903674,0.3227102867248528
2024-09-23,0.18204300401961238,0.42894037188151235,0.31382851620889496,0.6051717402061028,0.3275000001410089
2024-09-24,0.18074526859646767,0.42481256315528815,0.3170108788837376,0.618496430807657,0.33059057805198844
2024-09-25,0.18288948508063885,0.426871256136536,0.3076198416201814,0.6182086601524837,0.32890050853131747
2024-09-26,0.18487842684362787,0.4378834462692589,0.31541984384390487,0.6255764954188168,0.3256034208249261
2024-09-27,0.18928738665175682,0.4347555813530508,0.3195692335781444,0.621504006094451,0.3255100218854372
2024-09-30,0.19171526049704846,0.43263263279871933,0.3200997086337227,0.6220582982980865,0.3279241192325628
2024-10-01,0.1849232441540707,0.4255234382701101,0.3150454195492982,0.6061858075319626,0.33023329777343213
2024-10-02,0.1759348574963604,0.4228119832070636,0.3163243530671873,0.6088876609237803,0.3216379370508906
2024-10-03,0.17298458963715602,0.4269228039674111,0.3103030369233657,0.6111408778741412,0.3115437312473044
2024-10-04,,,0.3210044129204568,0.6276069480126514,0.31307094943473346
2024-10-07,0.1570237609163443,0.4312976991908537,0.3091486514190769,0.6195388648802658,0.293752501311872
2024-10-08,0.159712764246561,0.44962528636925425,0.31286158668122344,0.6373278886768279,0.29987678510373095
2024-10-09,0.17565013598275225,0.46171164451240965,0.3261211223092704,0.6497901188757031,0.30889810401392936
2024-10-10,0.178876155843404,0.4619958444857051,0.3249043165005927,0.6516991500835463,0.30229253763064157
2024-10-11,0.18109266231365084,0.4695766414016964,0.3376025570477694,0.6640542551626227,0.30943426697254317
2024-10-14,0.18923660829702915,0.4856728010693705,0.34434151162861015,0.677792460125648,0.3149781989713696
2024-10-15,0.14871584479203515,0.4707211301418106,0.333890011912525,0.6615723724986311,0.3281316234622105
2024-10-16,0.16418953430712357,0.49640765880682824,0.343810939041306,0.680010474651926,0.32716286295960884
2024-10-17,0.1594767642039676,0.5016276772327795,0.3492084422681432,0.6876460762561876,0.32488970186859367
2024-10-18,0.16233814156766835,0.5074637134521824,0.3502665639592575,0.6914868412197437,0.33031491691384196
2024-10-21,0.1594162585278871,0.512470306639083,0.3400609417234284,0.694157327898983,0.31970890774532723
2024-10-22,0.16424574074378628,0.49628423577967196,0.3398734857468111,0.6895763874942993,0.3076696272552397
2024-10-23,0.15497419271933355,0.4805481576341195,0.3269214676496044,0.6696643501340327,0.3089103137443694
2024-10-24,0.14741231455017711,0.4619087025356321,0.32261446664678295,0.6648167074460931,0.2992925339964432
2024-10-25,0.1515098698592252,0.4557519990840697,0.31437518153092436,0.6595332758159111,0.2868206573662806
2024-10-28,0.151721616298242,0.46665053624515584,0.32351956106041957,0.6657574695525681,0.2932566710513038
2024-10-29,0.15163476419459787,0.4625093677647436,0.3186193721024544,0.662948738978957,0.28392968567654386
2024-10-30,0.14912848796551792,0.4611680068378583,0.31627900081478,0.6556498670764932,0.28369430413077934
2024-10-31,0.12928952392688164,0.4511974830650516,0.30354535625120804,0.6288286679840349,0.28320417380150587
2024-11-01,0.1381617385874785,0.4598198562587381,0.3121279530412049,0.6440228915208399,0.28807235852645485
2024-11-04,0.12618256782551307,0.4560595321241261,0.30473124450286804,0.6419873793599242,0.2824225996874761
2024-11-05,0.13947263437594182,0.47164238472100384,0.31799526659029276,0.6626758598162612,0.293731766831542
2024-11-06,0.16968981221763557,0.5259274356460628,0.3645917312212903,0.7144452086907347,0.29202058548098986
2024-11-07,0.1820411562535953,0.5301158871127583,0.3650913862515768,0.7214909148069519,0.29189440423211854
2024-11-08,0.1885012762049838,0.5346780921450458,0.373580255053265,0.726033881822215,0.29723700737397096
2024-11-11,0.1955987874763756,0.5365933429402654,0.3826311991896283,0.7282843708973554,0.29114978759145216
2024-11-12,0.18993491511854255,0.5480299709393976,0.3713330265635457,0.7272240450428582,0.290003825349078
2024-11-13,0.18420706883777394,0.551115644644214,0.37264395048743415,0.7276026424103408,0.3016841569419857
2024-11-14,0.17211662257723614,0.5513009629190597,0.36605890096960203,0.72367932692939,0.2934910889415059
2024-11-15,0.16335389090525432,0.5417394144454417,0.3569276882230634,0.7042748324517041,0.2889540278477012
2024-11-18,0.1578642469673086,0.5421038655045092,0.3559282806307651,0.7002696550017111,0.29298821423902277
2024-11-19,0.14568413847369555,0.551007524520438,0.3517120816644843,0.7149024100636798,0.3006418076602877
2024-11-20,0.16292382162004526,0.5440631741252757,0.3562403821527085,0.7157455814498224,0.3048741871870835
2024-11-21,0.1646200785349321,0.546088046712798,0.3708553161715209,0.7317181440525795,0.31185897995777023
2024-11-22,0.16855774085073638,0.5469708909938098,0.383940367542456,0.736602699146198,0.3246083411975589
2024-11-25,0.18862986871361898,0.5494473264638191,0.39768112470464945,0.7360911402220107,0.33730568052057897
2024-11-26,0.193500186686979,0.5618326994755376,0.40180330308744483,0.7461017371580949,0.35331698052563776
2024-11-27,0.1921982255766661,0.5587971428255425,0.3982431025075992,0.7384787308584011,0.35428840985240084
2024-11-29,0.19560584740567655,0.5717456675710608,0.4055818772009252,0.7502703487112787,0.3574984725273973
2024-12-02,0.20122860573272283,0.5687620607548916,0.40136636095672373,0.7490008304176321,0.3543418894363224
2024-12-03,0.19683036756080696,0.5606827538549812,0.3987117424491424,0.7512881244185552,0.35602688136652594
2024-12-04,0.20527773812295713,0.5680113748302171,0.4082364957085065,0.7729144862067578,0.3483873662374466
2024-12-05,0.1810813571897758,0.5712753787555682,0.4011477923596376,0.7716163486416656,0.3580361693087559
2024-12-06,0.15746058690192744,0.56821406347378,0.3964009232743273,0.7667766505376679,0.36084299810320064
2024-12-09,0.1668695892058376,0.5494487983839893,0.3899365205010712,0.7469466485983507,0.3537361087940294
2024-12-10,0.1671640344370715,0.5458448246918213,0.3855956759894641,0.7354556216253472,0.3537055145412247
2024-12-11,0.1479643973539433,0.5554466982515509,0.3819106348008412,0.7457997272091068,0.3513373299043556
2024-12-12,0.13018570986135902,0.5501533801248655,0.3749153668451042,0.7379757593201826,0.35177792401624774
2024-12-13,0.13100682673904096,0.5434386997072223,0.3721046000448256,0.7279371780483574,0.3521159341452742
2024-12-16,0.1154803856696478,0.5452767318404834,0.368981829254329,0.7226174879276952,0.3444684523108892
2024-12-17,0.10853564834875673,0.5355821697524892,0.36023781745845196,0.7138504451259764,0.3467451739441725
2024-12-18,0.10048293728048185,0.5043963057632284,0.32479274020649807,0.6723949648465173,0.3211138273602343
2024-12-19,0.09120226936805254,0.5145066581621596,0.3257610351783278,0.6797632982430206,0.3199037292057765
2024-12-20,0.10127888032521337,0.5305603523562739,0.34215055894456614,0.7017852123516266,0.3183270815193444
2024-12-23,0.10533218023137425,0.538421819319628,0.34324652294521596,0.7127310781247913,0.3128550189644641
2024-12-24,0.10965772210678915,0.5500982993786552,0.3545526931727987,0.7279414309443584,0.32589374476696364
2024-12-26,0.11351828511542705,0.5553371362369814,0.3567763189849209,0.7278670251331478,0.32619361835345395
2024-12-27,0.1041202347800978,0.5397594053847057,0.34672284624103944,0.7100247296376301,0.31770948975037916
2024-12-30,0.09198748035230087,0.5274957170175552,0.33347491688833997,0.6967749920663451,0.3037799722161907
2024-12-31,0.09010831843365685,0.5215164101822161,0.3326293168273242,0.6894358144302186,0.3069623893341171
2025-01-02,0.08167813148751502,0.5291121099875526,0.3273051574581438,0.693044198179176,0.3067771126970522
2025-01-03,0.09329624042763185,0.5460254559865816,0.33782824546082457,0.7166205776623045,0.3133620519475466
2025-01-06,,,0.33773412734561337,0.7262312054178748,0.30804642699921514
2025-01-07,0.0905009338848175,0.5244625490758448,0.3320967936055079,0.700569042934482,0.2988695802704282
2025-01-08,0.09892591390613359,0.5280296894128682,0.3346022861046356,0.703080934421777,0.3001560344906813
2025-01-10,0.08727492579722829,0.49952783794830147,0.31330525850101143,0.6727346246437809,0.2916491104319143
2025-01-13,0.10694990572016105,0.504171902094291,0.3246743366916107,0.6747703429835858,0.29440429443753
2025-01-14,0.10918012504849917,0.5084294537946055,0.33153286516804625,0.6776761332401819,0.2932603947494923
2025-01-15,0.12513089537707578,0.5275444219250509,0.35373830326397715,0.7066711997249697,0.29906403757496647
2025-01-16,0.1069755411656863,0.5270801050703535,0.35160869803534034,0.7006209399046517,0.3010560857165232
2025-01-17,0.11064098351508012,0.5478444451210156,0.36201669860180496,0.7211818920317037,0.31104223936715747
2025-01-21,0.13008449629256846,0.5775088149156562,0.3788727166116228,0.7433108517453768,0.32210487578449953
2025-01-22,0.13221006181604,0.5983150986869721,0.3825699492659469,0.7637273701420286,0.32311097114268095
2025-01-23,0.14346839162815606,0.6084995412736776,0.39541565778224164,0.775435813381915,0.33016450829165067
2025-01-24,0.13800899253363985,0.5945110834034673,0.3914678661248323,0.7618726047514564,0.33581781287134027
2025-01-27,0.14830084440434455,0.5681252804367198,0.4008670960533398,0.7207699176294469,0.3696293077058146
2025-01-28,0.14574404123831175,0.5812874605315868,0.4049089082942343,0.748732624041518,0.36145916339866635
2025-01-29,0.1460595234528752,0.5700198456457253,0.401055039688585,0.734892069141639,0.362281240397307
2025-01-30,0.15915496995717793,0.5803167862481757,0.4061933035887577,0.7445661054564874,0.36358108731663075
2025-01-31,0.148216172539952,0.5658391564890992,0.39544686793443606,0.7248452249690847,0.36019907037496424
2025-02-03,0.14584768055568964,0.5598555627596251,0.391937676447083,0.7151941896549072,0.37027786706981547
2025-02-04,0.1423044991693594,0.5706596507945001,0.39588537057276674,0.7248418499873202,0.3714244332085699
2025-02-05,0.15292077380200886,0.582988287064321,0.40572339573478167,0.7466122173032999,0.3755068273496447
2025-02-06,0.14800956744530303,0.5780689417140903,0.4016190656577723,0.7502349391180847,0.37835077209491574
2025-02-07,0.13484689742403755,0.5613568159273978,0.3883346594396959,0.7363136086931257,0.3636000707542244
2025-02-10,0.1355610322099703,0.5748937481722345,0.39353592883461075,0.7495014192080558,0.38014643509170654
2025-02-11,0.1345090711655228,0.5775110365010789,0.39770267921600855,0.7537107371640266,0.39282045842591207
2025-02-12,0.13140948735502667,0.566836163963925,0.3899327167637725,0.7461244606377562,0.3938551235198946
2025-02-13,0.13827556887076242,0.581956816499309,0.40130569622339585,0.767415194714614,0.40782556392812586
2025-02-14,0.13372322313412655,0.576190209763477,0.3967001506084904,0.7712711500440943,0.3955160332978118
2025-02-18,0.1436021955128397,0.5868543438087521,0.3971075406263527,0.7758985139595647,0.39519949844910185
2025-02-19,0.14516975011979127,0.5963862092512493,0.3994569823645082,0.7790950258825762,0.40769742693525557
2025-02-20,0.12030417703695218,0.5904727506426124,0.38604773553765415,0.7653252244828905,0.3896662225334022
2025-02-21,0.10568965291812127,0.5673645026812888,0.3622604303840975,0.7332017624346052,0.3858785366053874
2025-02-24,0.10348132506603913,0.556592980714784,0.36345246313447066,0.7252974361862266,0.3853326485509674
2025-02-25,0.11276823383202683,0.5578724606434868,0.3684730062418351,0.7234030596860561,0.4074733867755942
2025-02-26,0.11375533394733695,0.5655165356781022,0.3628563492275583,0.7273374403432258,0.3922094749947258
2025-02-27,0.10804449642171243,0.5491391168746869,0.3566121730907239,0.6964097740012645,0.3943510745979919
2025-02-28,0.12964184087213781,0.5786956361509203,0.3755014349842789,0.7267042894265299,0.405916713005946
2025-03-03,0.11525729887049252,0.5496945858673212,0.35579641773774373,0.6852288771826789,0.4067660048236186
2025-03-04,0.09054298204115252,0.5200345747642758,0.33533826050606885,0.6640044349924448,0.380605232697774
2025-03-05,0.10627712382647436,0.5339074644009669,0.35071335679426485,0.6808217862866293,0.3889798454520448
2025-03-06,0.0890441402120079,0.5167107639448412,0.3363735597733908,0.651292509794144,0.39134659283428697
2025-03-07,0.08589618257741627,0.5306081578746367,0.3437787535718555,0.6626781137498396,0.40274566089345654
2025-03-10,0.05823362628737705,0.5141796268424677,0.31626046978691447,0.6219521267389423,0.38944881115692365
2025-03-11,0.04728169587161957,0.4933409162743285,0.3013561591382252,0.6066770295693327,0.35804870576148695
2025-03-12,0.03929510877002884,0.5031039382167364,0.29887739033191396,0.6189474299254656,0.3364456800094302
2025-03-13,0.02787606379344365,0.49325952685946195,0.2826551334750922,0.6015383362940703,0.33693151348442685
2025-03-14,0.041520918165220744,0.5230876847061101,0.3033014294054641,0.6361615002006022,0.34347349441550756
2025-03-17,0.053255614800555406,0.5280060023102344,0.3153821965978201,0.6424439610558119,0.3548742077684961
2025-03-18,0.04367379803212157,0.5127353077683139,0.3069729136842281,0.623350855638614,0.34861655859895846
2025-03-19,0.0478866046114268,0.5251906723130877,0.31917881408053805,0.6412277906578023,0.3516667053480156
2025-03-20,0.052204123571328864,0.5238429536194331,0.3182374378649757,0.6394709717692173,0.348477706751235
2025-03-21,0.05066657941888786,0.5202501080171951,0.3191835931350928,0.6381626339366786,0.3484923432416005
2025-03-24,0.068180866154544,0.5429006329847652,0.33763747340553674,0.6656699115548399,0.35611568030818885
2025-03-25,0.06146895463546831,0.5421104697780743,0.3386749183708222,0.6638112243349794,0.34381678630868273
2025-03-26,0.060398255467629,0.5309936873454042,0.3336762223699936,0.6450377774571368,0.35417561123935903
2025-03-27,0.054578820734909606,0.5256771811480434,0.3296208532192393,0.6361836490273307,0.36390529001331884
2025-03-28,0.03818267620976479,0.4986292144898521,0.30660843762563306,0.6086319018202357,0.35183786723208854
2025-03-31,0.05385030726405349,0.5080711342834376,0.320000811463957,0.6196367462405004,0.3698950381317654
2025-04-01,0.05734481027788063,0.5150651588649371,0.31908908489297927,0.6238468298606383,0.3650091599754175
2025-04-02,0.07043220249249016,0.5186521876827259,0.3267600526437242,0.6307372261724442,0.3651716701290657
2025-04-03,0.019039030116256406,0.46048203915215713,0.2739132673771787,0.5513261698157572,0.357882169064037
2025-04-04,-0.0390636350014989,0.3604960712243124,0.20475078986067974,0.4598448143857088,0.2896058461479458
2025-04-07,-0.05190469608573112,0.3648925140243382,0.19327647493815037,0.4587462552670727,0.28442433717510474
2025-04-08,,,0.1835619249407543,0.439671211224397,0.2679879302743915
2025-04-09,0.009709922965809081,0.46450005407470596,0.2766171394061916,0.5780651713726648,0.3282163405263596
2025-04-10,-0.01759703523776257,0.4244960432585003,0.24392206668946304,0.5274960812422307,0.32611457070417016
2025-04-11,0.0007647099690095693,0.45974665826732153,0.263507607572129,0.556976963738516,0.35054243232059523
2025-04-14,0.014725016851254491,0.46484272170726815,0.27454224947562067,0.5674497628163626,0.366597688562305
2025-04-15,0.011900014311063245,0.4622390433620569,0.269166495823594,0.565614321752089,0.3592394726175223
2025-04-16,-0.010232124533723241,0.41656449439375853,0.24734855127350097,0.5236161588366401,0.3345425865264293
2025-04-17,0.004666481600390959,0.4189066898783902,0.23095200522301873,0.5181191871676984,0.3526258868807355
2025-04-21,-0.014960198255634216,0.38111205061011755,0.20031670501939214,0.4796373494933621,0.33228421617728854
2025-04-22,0.012018629597458474,0.426229230021667,0.23255601198235754,0.5185466905047285,0.35814945339667137
2025-04-23,0.017134311243954148,0.4360842445897979,0.24526332298001563,0.5410575752386322,0.3563999134069895
2025-04-24,0.030058846491601177,0.4566125172566333,0.26121015024372185,0.5648731869470434,0.3604800943190991
2025-04-25,0.030347452417363696,0.4585984980620432,0.2613359661697554,0.5758654358123196,0.3536855408602195
2025-04-28,0.03275135094529791,0.46008750096705553,0.2652672749655369,0.5744944305861206,0.35779458035186784
2025-04-29,0.05339335883485208,0.4841410536387636,0.2745150381241761,0.5862850459542333,0.36653887447358535
2025-04-30,0.05633317678716887,0.48839690236452227,0.27806919173703437,0.590759815216158,0.3796143654249786
2025-05-01,0.05853456597644002,0.49117599414597346,0.2814663192716642,0.5992118944545308,0.3699393331644889
2025-05-02,0.07545796060198695,0.5167497407871131,0.29914277415729185,0.6241066493877723,0.3801857884691888
2025-05-05,0.07111412780111492,0.5098136323829696,0.2966894611313642,0.6180414623467867,0.3767581458693319
2025-05-06,0.05579741131613036,0.4959602234686784,0.2840451556284487,0.6073682071846522,0.3754639904087709
2025-05-07,0.06312501996998199,0.5156968560356339,0.29288348060298786,0.6269369811782628,0.3829471019874424
2025-05-08,0.07007132494991608,0.5222576796584528,0.3017849086039952,0.6355725674248693,0.37296206027198164
2025-05-09,0.06649820660762762,0.5217007403295955,0.2971926273037724,0.6310663858754473,0.3686721917655631
2025-05-12,0.09773595678729197,0.573709616319402,0.3343387553820445,0.6853459541907883,0.38027854180568
2025-05-13,0.10259103159939298,0.5865484470438165,0.32578366253866875,0.699502527858904,0.3671854369229677
2025-05-14,0.10423313473814755,0.5881677587500516,0.32276408031386494,0.7079858978928282,0.36282752637777294
2025-05-15,0.12178884393346512,0.6026615994661544,0.3319798530665048,0.7203534089056356,0.3796480212084017
2025-05-16,0.12980229948973188,0.6212155976172928,0.3426569436639195,0.7317236669949108,0.3958866232921452
2025-05-19,0.12900396447426155,0.6305323644459642,0.34734695175320107,0.7338971604402553,0.40163119275632386
2025-05-20,0.12405457556355293,0.6255364455127952,0.3439788886728019,0.7269783569994297,0.39877476575418047
2025-05-21,0.10656888098915074,0.5948392437958399,0.3181047947181499,0.6964627667049188,0.3851613646814216
2025-05-22,0.1103901793944344,0.5998509896327877,0.3183251188862968,0.6989514740850817,0.37800942211252564
2025-05-23,0.10848840250887481,0.5878057631739961,0.31048717682131244,0.6870357204653412,0.38061702485378124
2025-05-27,0.13110738069876238,0.617658291600141,0.33415822415794527,0.7203347537751366,0.3932590299126937
2025-05-28,0.1207525938992775,0.6082045328038932,0.3265091035137364,0.710137315390424,0.38405376229170907
2025-05-29,0.12368802958328784,0.622880775807545,0.32978265835202203,0.7228570108395291,0.38823928768511484
2025-05-30,0.12524697919633887,0.6196582766647292,0.3310103877139674,0.7169253928997987,0.40179438020610814
2025-06-02,0.12136244484317871,0.6202182223768942,0.3337172832264741,0.7245497323496222,0.40603448907825324
2025-06-03,0.12838343313640688,0.6329042536923335,0.34095725828175993,0.7393566255809383,0.40145826868070067
2025-06-04,0.12846188390656788,0.6330302667500558,0.337589195201361,0.7376004557642746,0.3953522853486269
2025-06-05,0.12395626486556055,0.6252150952905207,0.3345355744043199,0.7297808944923385,0.3881740162005327
2025-06-06,0.13310394078124244,0.6387427517185356,0.34841716737829054,0.7492389047546486,0.39802135271281136
2025-06-09,0.13035908638501992,0.6349088307260522,0.34835425941527376,0.7517742636040403,0.3991952475701406
2025-06-10,0.1330185864230684,0.6417371660924214,0.35228878675800046,0.759340875632537,0.40543954252281034
2025-06-11,0.13411196797489322,0.6381630323532268,0.35225738154235486,0.7532440629340642,0.3923753522957554
2025-06-12,0.13778973228596847,0.6344256073783419,0.3550589803604265,0.7587412280279175,0.38764290475514485
2025-06-13,0.113584645511706,0.6073570955489656,0.3308842791927571,0.7289906339093692,0.3803596688172082
2025-06-16,0.12305480705857041,0.6204058705461557,0.34180705220697694,0.7475626213529221,0.37560658195879215
2025-06-17,0.11148028410572142,0.6064263491738957,0.33182867889181344,0.7356881910604876,0.36012182125891523
2025-06-18,0.11764632510562278,0.5995194657886906,0.33097878743487064,0.737589338329161,0.35650829979310417
2025-06-20,0.12118327400037843,0.5972112008539643,0.3313544796419101,0.7361652772762268,0.35586954339866606
2025-06-23,0.13579354948012434,0.6171094957825538,0.3438548283178293,0.7509708091826588,0.37192595850500054
2025-06-24,0.1478011798728034,0.637137144695153,0.35985929683136963,0.7749117538701311,0.38096948658387
2025-06-25,0.14953667303948048,0.6336092681774221,0.3569235918905882,0.7840202443751554,0.36905648579849015
2025-06-26,0.1623968144213448,0.653553337360143,0.3697709584462181,0.7979008171688164,0.36898300792227
2025-06-27,0.17547660970563772,0.6744520980875413,0.3826185200652994,0.8185538944623327,0.38583988274498804
2025-06-30,0.18664604865811296,0.6872787990958849,0.3909840112340939,0.8274463128835785,0.39299837096352297
2025-07-01,0.1982478156595946,0.6971569636434445,0.40436809487574155,0.828179742406925,0.407946263447555
2025-07-02,0.20488546286378706,0.7041427103900539,0.40380007010580443,0.8370477538058723,0.4020336031670677
2025-07-03,0.21160384663699894,0.7140020959619302,0.41446935816517083,0.8539981991587389,0.4071327922700243
2025-07-07,0.19885603231212867,0.7039132378528734,0.4015585959878958,0.839915264880507,0.4024743707625731
2025-07-08,0.1882367588449847,0.7070833606943705,0.3964448125508504,0.8359145372255128,0.3908840650157728
2025-07-09,0.1918285869986569,0.7179180513226824,0.403200054929868,0.8485605311594013,0.3897398172164501
2025-07-10,,,0.40945037556541575,0.8554964373920111,0.3889709858629695
2025-07-11,0.19386282809553146,0.7094528708178265,0.40020134449434375,0.8469357898950427,0.38522822178128413
2025-07-14,0.1953832384931744,0.719082046563863,0.403389559072723,0.8480913729706365,0.388606681516539
2025-07-15,0.18588103265150457,0.719982901474068,0.3894056553185903,0.850107882305543,0.38093180393607273
2025-07-16,0.19305738623576185,0.7252148638866445,0.3963817095243827,0.8573061933655912,0.3857436553746849
2025-07-17,0.19900989630033883,0.7364166194043233,0.40540992876867943,0.8701497968264726,0.3870484487616592
2025-07-18,0.19830969305211532,0.7177265202444225,0.3997919063102442,0.8646314570775315,0.3836097902609674
2025-07-21,0.19451764401719496,0.7192666112400838,0.40036022367535806,0.8642694803440334,0.40122342039557735
2025-07-22,0.19821221778638654,0.7105104037469552,0.40516034508285026,0.859697862709204,0.409654039785293
2025-07-23,0.21298540266437027,0.72593032098484,0.4217394705236692,0.881279676075051,0.40962476928616876
2025-07-24,0.20372270599884112,0.6988970243818053,0.4119499186292812,0.879424767474186,0.41643367051538926
2025-07-25,0.21003092368553866,0.7052845272693418,0.41798157313601747,0.8847111080136942,0.4197105699385344
2025-07-28,0.20544619696510247,0.714084233969801,0.41583421713332025,0.8896199337756305,0.41099292703387413
2025-07-29,0.2097956185410117,0.703440750691481,0.40996046649034223,0.8824389618277317,0.419217001474691
2025-07-30,0.20802720262293373,0.6960368595654394,0.40452882715954264,0.8824619366400555,0.41006152004130225
2025-07-31,0.20037457199925712,0.6995935344341735,0.3936969537135886,0.8706378360773204,0.4077470776669623
2025-08-01,0.18598692424381658,0.6589451350204272,0.37598099847909006,0.840891204078956,0.39891048712821764
2025-08-04,0.20630656738216713,0.6912664344861563,0.3952127917929782,0.8714940700281895,0.4053353397256494
2025-08-05,0.20193905576772053,0.6924624235156032,0.39309703606937774,0.864439591137625,0.40265105984359284
2025-08-06,0.20930324505591424,0.6937482516441984,0.3957182011950757,0.8756519589846723,0.4248606779808124
2025-08-07,0.2037312382399037,0.6918227085891644,0.38861281992112806,0.873712261365569,0.4332467178194168
2025-08-08,0.2052808873256593,0.7018363252238324,0.39556019979959167,0.8854373648317642,0.43708993476650604
2025-08-11,0.20266971356914,0.7079864670574265,0.3895286428245812,0.8771296131354951,0.438498633070622
2025-08-12,0.21741979168509817,0.7229861731436453,0.40427612245849387,0.8916137540328346,0.4371306853678123
2025-08-13,0.22520850836054374,0.7347094236907699,0.4192449015778097,0.9010454319340857,0.43931543933589756
2025-08-14,0.22572173187086286,0.7221625829944238,0.41842378197992125,0.9006399853543987,0.4406087933201548
2025-08-15,0.21250206027688479,0.7045674763167109,0.42043332565433533,0.8948742824023044,0.4470126635302154
2025-08-18,0.21451082390589882,0.7097175100616244,0.41891680485286664,0.8987164846160021,0.44941876802632974
2025-08-19,0.21274718994138242,0.7045450907543163,0.41967511401946367,0.8865419882234298,0.45905272621905624
2025-08-20,0.21812731856480583,0.7071214065287401,0.41989612090968986,0.887886096287047,0.4640357039133398
2025-08-21,0.21440888921240164,0.7051586819682885,0.4154409692156713,0.879720651370298,0.44785118362936704
2025-08-22,0.23963294427191695,0.7394951184117831,0.4428996611162661,0.9103949955482451,0.4466969450366911
2025-08-25,0.231761905173949,0.7298849883062419,0.43161914173251836,0.9028247614763882,0.43523084162284853
2025-08-26,0.23799446946675462,0.7415218587328838,0.4361060887690851,0.9122851941313836,0.4324082189577674
2025-08-27,0.2391500785743157,0.7396496943379864,0.44097223915481343,0.9169751414158476,0.4351567376645087
2025-08-28,0.2372072968876564,0.7407773697038498,0.44337376283444363,0.9174772687099455,0.43186827736159317
2025-08-29,0.23051822959015555,0.720107631699219,0.44116174329766844,0.9028888595020654,0.4389473455359503
2025-09-02,0.22180111861798713,0.7014359979450429,0.4333253617402937,0.8877947791389238,0.4384933201429584
2025-09-03,0.22274571535772036,0.6861493859835346,0.43221964456708295,0.8877350989674566,0.4424915673153409
2025-09-04,0.23930607425237316,0.7073827845118565,0.44419537009096,0.9026659094437557,0.45921153925576896
2025-09-05,0.227252166347494,0.688917730564593,0.4376861027239245,0.8838787691680845,0.45524804016191944
2025-09-08,0.22827130613968016,0.6835747099021721,0.4415094438994587,0.8899127671162663,0.4524287398591167
2025-09-09,0.23953145047125224,0.6881296235022396,0.4472287042890746,0.8980854030908345,0.45658208040822235
2025-09-10,0.24279089208569737,0.6989515613207915,0.44065623636384554,0.9022914571475535,0.4384183315618233
2025-09-11,0.26414890463357876,0.7318619677575324,0.45958363316211304,0.9206992458105889,0.455505919778455
2025-09-12,0.25825372667750046,0.7195461015658775,0.45136814578730244,0.9128103288452534,0.45024546455182457
2025-09-15,0.2589769563150086,0.7172158661239161,0.4537379716561101,0.9155696916698073,0.44902450724282295
2025-09-16,0.25356135800615553,0.7093290160069345,0.4496616331843504,0.907275293137416,0.44970168592888626
2025-09-17,0.2617632077968497,0.7010918899962786,0.4574982098051763,0.9063433386914999,0.45809749103670305
2025-09-18,0.2741500234528931,0.7092015164351204,0.4618271554462594,0.9225022055736483,0.4448441337988791
2025-09-19,0.27379285523759544,0.7120725401833361,0.46698590100880977,0.9273753748707858,0.44099917350008
2025-09-22,0.27790143253388666,0.7124724619393725,0.46929925600849076,0.9429323477699478,0.432242439285899
2025-09-23,0.2749934185090044,0.7121309750592224,0.46676411386477845,0.9273829737794856,0.43003266893595793
2025-09-24,0.26633521049348263,0.7024690013717816,0.46090177443369673,0.9193941703832857,0.42842336442627804
2025-09-25,0.26302535241635283,0.6961657403486463,0.45586328548882027,0.9177919807203789,0.4262294054986844
2025-09-26,0.273874026204626,0.7003377515331508,0.4648946257483366,0.9274050999006793,0.43263597022990874
2025-09-29,0.2764567104403839,0.7121693019154471,0.4673028791170335,0.9376813821318235,0.4340061742877168
2025-09-30,0.2808234389998079,0.7291956690050965,0.46952094562079627,0.9507367702980665,0.4444730411166633
2025-10-01,0.27152898082762666,0.7308432810431924,0.4711688416566582,0.9546969227641007,0.4446411270244228
2025-10-02,0.27428404800770934,0.7412126366564624,0.4738621802593055,0.9601387386622573,0.43964761236050043
2025-10-03,0.28629099282025283,0.7356303765588785,0.4814677042221678,0.9627930716703152,0.4441560262808353
2025-10-06,0.282546020028567,0.7152123339703533,0.47934443855569553,0.9560903153441651,0.424594876519895
2025-10-07,0.2789925753316549,0.7095877062788805,0.47658760679967793,0.9527426312776552,0.42920916157572075
2025-10-08,,,0.4769044873761761,0.9614565925522744,0.42720722322944593
2025-10-09,0.2647329691262632,0.7016127441774236,0.4687604907562355,0.9613352393745913,0.4231493367737471
2025-10-10,0.2423183032424292,0.657418015095016,0.44141337514973533,0.9113980851917294,0.41163528628276014
2025-10-13,0.26116157136301177,0.6855501964135104,0.4598242439291862,0.9393867952505508,0.4150505947179086
2025-10-14,0.2617780435543595,0.6844776641508481,0.46625694889162017,0.9301820288208171,0.43852040029638784
2025-10-15,0.25082958137427136,0.6776076580631449,0.46625694889162017,0.9307546442881345,0.4408604940128773
2025-10-16,0.2302017859456078,0.6691888478098127,0.4562751619660601,0.9241377656712784,0.4339212555824856
2025-10-17,0.2305235740301661,0.6758467650515501,0.4638038309291439,0.9385841520807352,0.4438998901803628
2025-10-20,0.2425641521139652,0.6926367424623616,0.4804142640538829,0.9547713700501597,0.44858855568061307
2025-10-21,0.24813187968803985,0.7295588452533888,0.48738797749826057,0.9627012299951556,0.4549968887260205
2025-10-22,0.24091004763848956,0.7213944794140035,0.47648344291672906,0.951505622195383,0.4516813308700618
2025-10-23,0.24508158967443272,0.7630719102123087,0.48127020247781305,0.9591410013491815,0.43932076478281035
2025-10-24,0.2609339624294551,0.7577119162749977,0.49686601306105826,0.98158676992596,0.44049452970708214
2025-10-27,0.26693098192989595,0.7691381125649981,0.5068195157861923,1.0034996499529836,0.4429901189480614
2025-10-28,0.2678975848400573,0.7807879028808529,0.5125254143294,1.0272044403429401,0.43654170096531364
2025-10-29,0.26440871934022936,0.7830178313981857,0.5100528875535277,1.0366768441908727,0.43392127496568955
2025-10-30,0.26803977714968097,0.7787691863933397,0.5057418877499567,1.0258278203838493,0.4211805439519496
2025-10-31,0.2614575603439975,0.7877295109629077,0.5078340407959603,1.0322324543428136,0.44045224891572365
2025-11-03,0.2612613557136425,0.7732027061388596,0.5008602298198568,1.0368837178345864,0.43866880345418946
2025-11-04,0.27788862513944346,0.7479795000243004,0.49271350231159916,1.0095191955998586,0.43880676742572655
2025-11-05,0.2737619023140194,0.7582763418671581,0.49971881603507384,1.0094663743799943,0.4418137549801986
2025-11-06,0.26372227735111076,0.7410703240017702,0.4875781643631947,0.9828541580491839,0.4375307338308907
2025-11-07,0.2723895495526292,0.741768955309448,0.4894166373908937,0.9862078034121933,0.4478679184173018
2025-11-10,0.28840595141950653,0.7779887357121402,0.501969555666915,1.0226812936569631,0.450670215587996
2025-11-11,0.29869614391035637,0.782295397935282,0.5196893146387123,1.027977543913214,0.4754690801958015
2025-11-12,0.3085022388825518,0.7970296078849421,0.5303086664545675,1.0373553959101804,0.47311475854613305
2025-11-13,0.29362342465773494,0.7701632315961622,0.5048859493260265,0.9999977015367336,0.4669434052761987
2025-11-14,0.28896770920143,0.762442402875003,0.4955664028173403,0.9993902435567676,0.46358970156405666
2025-11-17,0.27712638438097215,0.7395116692561698,0.4781953197645896,0.9734269042687438,0.4626100176065293
2025-11-18,0.2707814147005765,0.7187339942416167,0.46228223847794325,0.9480802202675542,0.45688118194787997
2025-11-19,0.27030916572931507,0.7324043681759644,0.463740435307499,0.9600852393130082,0.45246759411898596
2025-11-20,0.2837364860735996,0.7031359211564499,0.45213854888787486,0.9367435581984869,0.46616056500605074
2025-11-21,0.28767713097374914,0.7177218138293886,0.4681540384864089,0.949979375904555,0.4778136050810331
2025-11-24,0.2904662175859076,0.7271749664993761,0.4740891365847939,0.9635686538183406,0.46910799670638936
2025-11-25,0.30552066381543463,0.7367449232767895,0.4954814526843363,0.9750321662262671,0.49229543073672377
2025-11-26,0.3160820330859171,0.7417380234060875,0.5055427279662665,0.9880119909448293,0.5021475293692248
2025-11-28,0.3154869634460904,0.7497061610445017,0.5145248147043511,0.9924107434578129,0.5121605451296036
2025-12-01,0.3101112125878547,0.7432697023900956,0.5022735620556333,0.9889068327658845,0.5056251909228884
2025-12-02,0.31013400588658846,0.7544617360090267,0.5084310324884029,0.9971701052773414,0.5025317934830824
2025-12-03,0.31236236543444273,0.7593539337321036,0.5216025944999518,1.0040265281790464,0.5121513585793029
2025-12-04,0.30822743084069537,0.7531533616642212,0.5205235034878319,1.0126425123443514,0.5104169642693879
2025-12-05,0.3040684072425548,0.7443631593928399,0.5235704921275317,1.0128783637388845,0.5126105870178455
2025-12-08,0.2956766133250259,0.7369090499528832,0.5176034036231474,1.0117603800034929,0.4986208808042485
2025-12-09,0.29792232826454357,0.7242305897653474,0.5121126600666297,1.0045338196222193,0.4933732439672953
2025-12-10,0.2949510420081385,0.7399108100343506,0.5277599674009961,1.0176611033664784,0.4951802216594694
2025-12-11,0.3182272571406841,0.755315228954428,0.548453858813464,1.0290228777121837,0.5056945986895793
2025-12-12,0.3295438401485262,0.7448784356929965,0.5406143562408698,1.0113710294263418,0.5212377146529876
2025-12-15,0.34030201513699665,0.7435659089229671,0.539884233742973,1.0118775512350044,0.5225289650101494
2025-12-16,0.3300839174907486,0.7335422239034466,0.5297595628393981,1.0049700617751318,0.509330950020364
2025-12-17,0.33187524838328897,0.7185296764230245,0.5228404671613605,0.9837207803033414,0.5146123885006384
2025-12-18,0.3337123389509724,0.720318139828497,0.5250939376815187,0.9929844928748135,0.5106266411727196
2025-12-19,0.3316257807510514,0.7322962720733555,0.5304504775836008,1.0120905405947367,0.5006082630827833
2025-12-22,0.3229746937293603,0.7308644244646929,0.5377982251956825,1.0242780614661284,0.4992509458194305
2025-12-23,0.3193789111178753,0.7438493810848981,0.5402473443574092,1.0388848162202122,0.49289527347426443
2025-12-24,0.32670913404633883,0.7516647410351829,0.549090058259601,1.0469493352350936,0.5033606915507443
2025-12-26,0.32556471451864444,0.7610830826926045,0.5491536489446969,1.050674895477599,0.5040649526461929
2025-12-29,0.3263368385235277,0.7522573914024755,0.5413924643477652,1.04019354573339,0.5058395736740469
2025-12-30,0.32676151839176537,0.7479098153230779,0.5382116621805322,1.035430567243298,0.5044851841861446
2025-12-31,0.3180869037424561,0.7405568945971974,0.5286056649937374,1.0235657624963581,0.49935303402099795
2026-01-02,0.31433400056605065,0.7524965547896265,0.53833894108245,1.0324151573746279,0.4959274790044954
2026-01-05,0.3238477854654995,0.7714270902656961,0.5578689864132453,1.0475082801323632,0.49289625305980667
2026-01-06,0.3295090514872252,0.7901945393036398,0.573264271768642,1.061033068650068,0.5077429122315891
2026-01-07,0.3157118381608295,0.7715339843259854,0.5584735855802854,1.049885306844215,0.501720104375688
2026-01-08,,,0.5666481096303408,1.0518940001157655,0.5188960109485297
2026-01-09,0.3214682269033926,0.7866391741552825,0.574568368471738,1.058268763859465,0.5247526055582723
2026-01-12,0.32662754276621997,0.7975362961040127,0.5773675289966698,1.0613281177346465,0.539780489492564
2026-01-13,0.30913865042402366,0.798560784827236,0.5647714041662042,1.0511018794923888,0.543560417771493
2026-01-14,0.3108608428693118,0.798311081554401,0.5636263817075737,1.0446493468449694,0.550741213521919
2026-01-15,0.30515933102294124,0.8135212863116432,0.5728507372520668,1.0554019213044752,0.5435497696452991
2026-01-16,0.3024190707313432,0.8082839309175289,0.5700475779263854,1.0521551646198608,0.5388617654848709
2026-01-20,0.2941895292822496,0.7420873605971006,0.5428734836011131,1.0028247807587345,0.5302832782386024
2026-01-21,0.3028703648287969,0.7591799545864053,0.5617105660214683,1.030701379151484,0.5362402948729754
2026-01-22,0.30546374154005496,0.7812809531159854,0.5709066373655354,1.0440423986670022,0.5378355223594979
2026-01-23,0.30443486438913636,0.7897614524824939,0.5621241980697689,1.0448028800754559,0.5471499935663033
2026-01-26,0.3092023583516956,0.7806281972545122,0.5720839428253419,1.051963724517642,0.5473894109368445
2026-01-27,0.30098891025386165,0.7849041422036209,0.5593559551018554,1.0535440537877863,0.5524546035802993
2026-01-28,0.29998576563180257,0.7794340352151403,0.559578815094868,1.0574335293031085,0.5498704596578434
2026-01-29,0.311727413530277,0.7999508742107317,0.5598331778352521,1.0644144889064284,0.5586653223028275
2026-01-30,0.3069507036960617,0.7900253462277889,0.5560784989945453,1.0620779048039624,0.6047931990998587
2026-02-02,0.3497049927159943,0.7909771273920019,0.5719884592659723,1.068739691883081,0.6313772833070839
2026-02-03,0.36341959971674664,0.7973535624605501,0.566515466483515,1.0563934131219308,0.6614492912971475
2026-02-04,0.3731339428510645,0.817288690791034,0.5742794795004893,1.054470943555816,0.6718524921500078
2026-02-05,0.3660263037870266,0.80642655933474,0.555696759820518,1.0338341972863145,0.6675391490428946
2026-02-06,0.3956403283551251,0.8605066111843294,0.5942621695698285,1.0972130913671108,0.6721256440590913
2026-02-09,0.37150367351318936,0.854680375473065,0.5948667687368685,1.1043837120481048,0.6614254785947451
2026-02-10,0.36439763137523906,0.859920983288252,0.5970305100694677,1.1013661147336204,0.6541966921847204
2026-02-11,0.37696456016606494,0.8587433357336411,0.5952168101000732,1.1005437007152454,0.6777394377465766
2026-02-12,0.3920857519380785,0.846947918285353,0.574024921696654,1.0683566328339689,0.7010955897077691
2026-02-13,0.381836774999871,0.8411807952034225,0.5759659005679663,1.0611121983809184,0.6947881173007027
2026-02-17,0.36309531870841294,0.8435110906920902,0.5777796005373605,1.0656650541885928,0.6811323856571023
2026-02-18,0.35274587162504845,0.844976364242124,0.581438795818698,1.0749084539181317,0.6694082239370052
2026-02-19,0.3417600486093353,0.8470366093961954,0.5731020765089572,1.0673830745367319,0.6695225141385501
2026-02-20,0.3356761923230813,0.8608440612650476,0.5804710860372215,1.0800070583890453,0.6741360655308934
2026-02-23,0.32782319228724055,0.8537250744089446,0.5547607478498642,1.0580292166733147,0.6916505087159297
2026-02-24,0.3354014023038645,0.8618247660993472,0.5668036727326851,1.0745823494088156,0.7003967573473553
2026-02-25,0.3371517424121404,0.8632101033636921,0.5764569728063995,1.0883566465722034,0.6902920934898831
2026-02-26,0.3338000270015462,0.8360700912070544,0.5765843492400424,1.0645969391697392,0.6789283823285814
2026-02-27,0.35891833522446004,0.8362018165345175,0.56001751279665,1.0393325251661838,0.7150954861397902
2026-03-02,0.3517626973665604,0.8348983022054708,0.5584883128708522,1.0460243523041912,0.7000432176322255
2026-03-03,0.3534905375935027,0.8149751864984869,0.5468278098841381,1.0317004749182752,0.7027214059605948
2026-03-04,0.3538787476148815,0.8320137549829225,0.5539005180300074,1.0467414706149722,0.707579132516331
2026-03-05,0.32463324107702163,0.7971686615982136,0.5287318710466733,1.0247803827984883,0.680571943520714
2026-03-06,0.3210700653617209,0.7715009722864448,0.5140447635509116,0.9988323380534634,0.6766566288432894
2026-03-09,0.3211534450165079,0.7850462618201421,0.5224874023146617,1.013137934564889,0.6789625973463416
2026-03-10,0.32411186789214397,0.7977411110790671,0.5219139157680905,1.0185087031658582,0.6853188591570081
2026-03-11,0.30652316411664216,0.7924131975215629,0.5127067258073039,1.0128950090539095,0.6743480514768341
2026-03-12,0.30946317909143684,0.7624886784281768,0.4893538269596025,0.9885136481567778,0.6728460492534079
2026-03-13,0.31695163478118804,0.7589565811244925,0.485944898086174,0.979453394224213,0.6826303445482649
2026-03-16,0.31977386407789243,0.7723736003078752,0.49833805939565035,0.9970148019648735,0.6844749886023072
2026-03-17,0.3132122956433936,0.7663117195333828,0.5002496812175548,0.9956171076449059,0.6759930676154464
2026-03-18,0.27862173156269576,0.745694680324098,0.4750809367024953,0.9649786718809099,0.6413295547388294
2026-03-19,0.274149108445231,0.7365707259366934,0.46890025371903077,0.9549816344553872,0.6319115259383894
2026-03-20,0.26504560071165906,0.7095374580725631,0.4555670816381505,0.9277043434908245,0.6226753274495449
2026-03-23,0.28155086463183787,0.7346761823072325,0.4749793086444123,0.9557292700963638,0.6394333366565663
2026-03-24,0.2891116526715589,0.734072850721194,0.47242514781420675,0.9517035511487311,0.6423679318742626
2026-03-25,0.2983763370240087,0.7660700103009654,0.48190776736810825,0.9696860679451911,0.6538870257161467
2026-03-26,0.29209029018008326,0.7388153893425868,0.4664865385736998,0.9406469231454329,0.6455975342999511
2026-03-27,0.27959009204092644,0.718351725136362,0.44119958560720396,0.9081283583961781,0.639830018898544
2026-03-30,0.28705809936909654,0.7122512625863799,0.4433386514132249,0.9044927989258469,0.6472476094468527
2026-03-31,0.2993330756666823,0.7587419426549229,0.47887453070171926,0.9565228529786738,0.6589069957107077
2026-04-01,0.28950133972327374,0.7632391122625781,0.4861860940436009,0.9629198941562214,0.654037276501316
2026-04-02,0.2982433969461251,0.7639244497025814,0.4848451303482253,0.9673862633773718,0.6567958989000144
2026-04-06,0.30784033429257773,0.7662417445576055,0.49030476128427436,0.9743444586319947,0.6608720817265576
2026-04-07,0.2814162446351014,0.7556992430250546,0.48746327199042927,0.9668419655848324,0.6348133339825242
2026-04-08,0.3217075618660048,0.8080785291203432,0.5298636291906211,1.0164024594741194,0.6634377471322599
2026-04-09,0.3328689213395297,0.8290140082164303,0.5386119323824248,1.031020947906307,0.681844959491797
2026-04-10,,,0.5301509576542605,1.029857212264278,0.6627125167165266
2026-04-13,0.3081968867535869,0.8330980853337768,0.5393462487445226,1.0406692747861297,0.6476658317288622
2026-04-14,0.3155699033570336,0.8554283871846715,0.5500740558392536,1.0658216403581573,0.6577630875538711
2026-04-15,0.3200257989355133,0.8458729084671999,0.5476156711635947,1.0696482212485399,0.6494773024698586
2026-04-16,0.318776316515047,0.8322651727446781,0.5505210437377122,1.074506341662611,0.6601765332997884
2026-04-17,0.340243260300628,0.8606049865205601,0.5786169104016998,1.1074462568760364,0.6753287571825803
2026-04-20,0.33790596924009564,0.8472987415853883,0.5789682196773376,1.1081006806000948,0.665771824110877
2026-04-21,0.3385287076521464,0.8129200324814547,0.569481601322686,1.0939779068018693,0.6591995710476399
2026-04-22,0.3422783127360878,0.8229329937571084,0.5803417589690663,1.1091094652474625,0.6616143861890929
2026-04-23,0.3494655695064912,0.8224208246241695,0.5747200303050577,1.0957136837692913,0.6887367721618782
2026-04-24,0.33713849787741723,0.8304726287802264,0.5721965919684184,1.11243326523766,0.6800675658481894
2026-04-27,0.3240073444965488,0.8325773333255979,0.5709828096432348,1.12623081282773,0.6670894785750388
2026-04-28,0.3225105102781678,0.8273533298395208,0.5696733486952301,1.1192645662309078,0.6771394359806748
2026-04-29,0.3628666168040895,0.8212097392334881,0.5608893488918543,1.105648071097825,0.6748090722737528
2026-04-30,0.37641570413930636,0.8121251400760972,0.5863786801889852,1.11025931257238,0.7038881886255584
2026-05-01,0.3746052674459548,0.8185641668647552,0.581172241612613,1.106042922757712,0.7017891999808314
2026-05-04,0.36584366585751904,0.8161393950377172,0.563732106098132,1.0913504206056772,0.6903888328457342
2026-05-05,0.36285911649973746,0.816994724536424,0.574592263744512,1.0980903827336772,0.6943614252943433
2026-05-06,0.35442244221366304,0.8491337022153329,0.594044673821724,1.1382512818806698,0.6980351242373166
2026-05-07,0.35801684878302975,0.8436539460143095,0.5840150963506163,1.1365484122663951,0.6864230008895504
2026-05-08,0.35920115620185045,0.846555745217036,0.5847178124336174,1.1466631794775508,0.6857242241566621
2026-05-11,0.3520626950969883,0.8500999042803128,0.58784799563526,1.1540276698586642,0.6718988493480957
2026-05-12,0.37226555670241224,0.8583965581814093,0.5903395410976258,1.1605733219074126,0.6904794193444597
2026-05-13,0.37208619587603264,0.8842433293029404,0.5879438693215324,1.1714148705040368,0.6980449879754769
2026-05-14,0.39054587270318186,0.8983850943658775,0.5996344120797332,1.2101405439644424,0.6978409008478796
2026-05-15,0.38999184258858555,0.8594476431334863,0.5831626690688079,1.1762455432155137,0.6827980055801046
2026-05-18,0.41155775200880984,0.8709578854145297,0.5884040240029476,1.1799001505592974,0.7002305641399305
2026-05-19,0.4170507989004346,0.8650871940419365,0.5842176697447028,1.168758573938323,0.7100317390095163
